wt_sk,measured_at,wind_speed,power,nacelle_direction,wind_direction,rotor_speed,generator_speed,temp_environment,temp_hydraulic_oil,temp_gear_bearing,cosphi,blade_angle_avg,hydraulic_pressure,subtraction,categories_sk
1,2020-05-23 09:50:00.0000000 +01:00,0.4437168074072834,0.12019632973773477,272.41922516598385,269.9255451762596,0.6928185730383011,0.5907722091505351,17.73953932544172,28.801212142358935,39.16963143139605,0.8483221188982907,-2.276462893308216,189.6189609758928,,
1,2020-05-23 10:00:00.0000000 +01:00,0.44659704155613855,0.1251650019572447,259.11190188360365,266.8009326042331,0.7185276396056441,0.600855157707484,18.2348442946342,29.158432312699386,38.904519134979815,0.8460548144064368,-1.1950635040557716,190.26610449751377,,
1,2020-05-23 10:10:00.0000000 +01:00,0.43422114771075576,0.11096948200604892,256.9130929523113,258.6453308552464,0.6692857667098903,0.5629243584251475,18.313171915058206,28.787240462734506,38.72185435081842,0.8079450433731833,-1.9113099132366753,189.53827028937533,,
1,2020-05-23 10:20:00.0000000 +01:00,0.42085991806387635,0.09332656016275304,264.8370639767118,259.1665732701615,0.6758051017425942,0.5605386128149378,17.743771336617836,29.230996015107756,40.32615901668497,0.7786294809949097,-1.4367251061763633,190.0145144080782,,
1,2020-05-23 10:30:00.0000000 +01:00,0.470451127817482,0.17073189672110037,260.1694157323146,265.3819448025833,0.7453439677812135,0.6170622283525478,18.71260136120981,30.24346799779668,40.064648297206816,0.8835662754047443,-1.8722134067332332,190.3441828057318,,
1,2020-05-23 10:40:00.0000000 +01:00,0.5482329455863265,0.23321485658371258,267.4085364331427,265.673207909222,0.8405531232679452,0.6991658599672899,18.908024112050406,29.68123315309063,39.66729805364755,0.9456428798101036,-2.305115750120863,190.83488382416135,,
1,2020-05-23 10:50:00.0000000 +01:00,0.5297141413579236,0.19259924748402407,270.2203622835583,263.99543713275364,0.8259897695976465,0.6940179644318725,18.92911705512828,29.859171537000506,41.684084006711345,0.935695116570087,-2.0526489282009175,190.99101439828144,,
1,2020-05-23 11:00:00.0000000 +01:00,0.5745098807628464,0.2827744553134981,264.3553446359849,264.70546117730595,0.8907289749692636,0.7404150078584316,18.705060394547612,30.19390609045449,43.42854669891979,0.9652471531026923,-1.6119888678676235,189.61210968722347,,
1,2020-05-23 11:10:00.0000000 +01:00,0.5267682519488773,0.2149219665681585,273.17490037961284,269.62233937920564,0.8261945716015666,0.7068620157920873,19.193405485952212,29.811616540922785,44.3192839441656,0.9342381036651033,-1.1003318637923467,189.33085632901077,,
1,2020-05-23 11:20:00.0000000 +01:00,0.6451574390507759,0.37995115963737636,276.5357856133889,275.30964690730946,0.9660897175186527,0.808746599066371,18.91282778450792,30.219155432196782,44.59457804729057,0.9736164556753519,-1.5641030996174408,190.03179482727933,,
1,2020-05-23 11:30:00.0000000 +01:00,0.5661574334602516,0.2649948888340261,268.6755119606852,265.7366092252024,0.8796478672796991,0.7471748483398273,19.056240500170297,30.200752674335256,46.05599754403286,0.952885000064244,-1.9382832569773822,189.6260242577514,,
1,2020-05-23 11:40:00.0000000 +01:00,0.535469899349698,0.20388493874090033,257.18352394078676,254.0804215755062,0.8229261921807964,0.6896023588536268,18.73674440969718,29.801408389508783,46.95871230447528,0.9489661725863848,-1.8878772355601463,189.92440692884594,,
1,2020-05-23 11:50:00.0000000 +01:00,0.5389876510455481,0.22636286473963488,254.69693765578674,252.43814100329428,0.8496049258962766,0.6947178707503577,19.289716288931373,29.980440749714376,47.628194659586676,0.9475381347844501,-1.4144259481082997,190.06012125016403,,
1,2020-05-23 12:00:00.0000000 +01:00,0.5391318529870127,0.21749002010831908,259.259912774958,269.7025454871084,0.8161382634814313,0.7014406368378046,18.831121202116474,30.285216043043384,48.32631311445344,0.95278508587223,-2.300723071826785,190.01883635189736,,
1,2020-05-23 12:10:00.0000000 +01:00,0.585456016630024,0.2917255066907509,271.25827526172753,259.47677738533633,0.8846212565191366,0.7328413185062267,18.828102777072928,29.850672228984862,48.81641105725064,0.9657035174192926,-1.896171762268353,189.9380814419673,,
1,2020-05-23 12:20:00.0000000 +01:00,0.6493940035144409,0.38531495410304833,258.2602671571088,267.2185797194736,0.9495545061354232,0.7975130242602316,18.748231519725977,29.926873176010673,48.8527136385634,0.9787973013364836,-1.7552414881495624,190.21126385999028,,
1,2020-05-23 12:30:00.0000000 +01:00,0.6509872391841309,0.3904453527093296,272.6518970709165,283.0317317698965,0.9482176929513866,0.7840577839330011,17.704372649106276,29.820046197003048,50.17264473686602,0.9772977393582484,-2.418014136244779,190.1357809479696,,
1,2020-05-23 12:40:00.0000000 +01:00,0.538244074249494,0.21264825550910713,299.8912322416327,297.57937106632096,0.8716089808460389,0.7217179534719249,17.864134726344,29.8618211064696,50.7959764395261,0.9366604555290051,-2.095053858725485,189.8176234118041,,
1,2020-05-23 12:50:00.0000000 +01:00,0.4150563801627537,0.10910614656707898,298.73596143918115,294.1670274841454,0.7177021454249186,0.5941432641396202,19.203184124299447,30.159181466517772,51.03826015535501,0.8032621274635102,-1.042244034412249,190.6315531301037,,
1,2020-05-23 13:00:00.0000000 +01:00,0.48125716324319073,0.17860955014069865,299.6128600882589,299.9966789043642,0.7376675316865724,0.6254261062932202,18.935008950479244,29.861512617161523,50.6202813989154,0.8705040017522677,-1.55506337111435,190.55135623280987,,
1,2020-05-23 13:10:00.0000000 +01:00,0.7041279056224719,0.49033872353012786,293.1196415844904,295.6571887835129,0.9576781621608677,0.8157906871549365,18.054566849062393,30.243368448202535,50.62801302666327,0.9809921310410776,-1.2935380104650207,190.88326858583477,,
1,2020-05-23 13:20:00.0000000 +01:00,0.5945250037681808,0.3037670963790149,290.29612671277675,289.08593973314663,0.8786594246189818,0.7433713073782166,18.093631314271654,31.210290965745912,52.27474788247314,0.961660838393024,-0.08899784995853377,191.6819907564362,,
1,2020-05-23 13:30:00.0000000 +01:00,0.692602124089352,0.48416223435096856,279.250765737869,279.0142377359664,0.9509317396008271,0.7913435174651532,17.877169672519866,30.830566717566768,53.26473710129453,0.9836080146338225,-2.0014531033130556,190.76097057221185,,
1,2020-05-23 13:40:00.0000000 +01:00,0.6395860213300697,0.41900523081842966,283.4495587425945,280.45780315017527,0.9133152010913146,0.7737538690925843,18.043794528935713,32.19278425507003,53.760824916213494,0.9875710156170748,-1.7442683348466166,190.54517684757747,,
1,2020-05-23 13:50:00.0000000 +01:00,0.46366714366684847,0.155207240522433,277.43510137898994,277.3112120451469,0.8026584434959975,0.6728361509897269,18.15177620984218,31.078921017487517,53.3482419408238,0.8703168893733441,-0.08750054963389498,189.3659159199047,,
1,2020-05-23 14:00:00.0000000 +01:00,0.501204641398369,0.18142464729662638,267.561305537128,264.4886770013844,0.7730334566654455,0.6490859941781915,17.839220316664196,30.80717799405349,52.2520911342026,0.9203418588997445,-1.6546106555259763,190.8002147544119,,
1,2020-05-23 14:10:00.0000000 +01:00,0.4877848807779707,0.16910616257198013,261.408276598438,255.41831355190413,0.7352363482388605,0.6343568559442715,18.095342098352823,32.14187920616511,51.426237022732494,0.9021295265075463,-2.0023262098315353,189.7997028691089,,
1,2020-05-23 14:20:00.0000000 +01:00,0.509456024498914,0.19036407848691766,258.7724449356464,248.94971995896194,0.7674466177641751,0.6439605007705155,18.962072164553696,32.164265740921365,49.94825055262679,0.924433502833188,-1.5080320444894697,189.81677413415014,,
1,2020-05-23 14:30:00.0000000 +01:00,0.5403890024237786,0.23665337514771584,247.26123204620822,241.48025130588752,0.8348309675169047,0.6995241580263497,19.180992945126523,31.175924814564297,50.061792536582765,0.9558732094150096,-2.2998043380693143,189.2776193812992,,
1,2020-05-23 14:40:00.0000000 +01:00,0.5527450386173606,0.25703667773736455,253.35107414218405,256.3173126742632,0.8656497316008307,0.7089098924954723,19.206339600464485,30.889998112730304,49.66277500817612,0.9408967952026722,-1.4082362577436234,191.67628408057953,,
1,2020-05-23 14:50:00.0000000 +01:00,0.539144421411942,0.22381606015584818,255.85044907476595,256.1710832049324,0.8343621400725841,0.6943612378965676,19.194059802205217,31.076866177664602,49.06853329036704,0.9320982483045985,-2.1533733263296795,190.84205545176718,,
1,2020-05-23 15:00:00.0000000 +01:00,0.5485857392819141,0.2918035690423382,251.81771318461912,252.6791439653647,0.8450380237146281,0.6997000478321104,19.148505557977607,32.10735020069671,49.0341397453304,0.9573466048503773,-1.671484331510891,190.43930178546867,,
1,2020-05-23 15:10:00.0000000 +01:00,0.6834328872866071,0.49401726054958744,249.81050367676724,250.91827942661925,0.9551454271227778,0.8046410796978269,17.776541437895904,32.18839410857136,48.990855464145376,0.9908740640397815,-1.562194695819611,189.68005842446212,,
1,2020-05-23 15:20:00.0000000 +01:00,0.5677208214119438,0.27479131260322476,254.65935325371706,260.4346948976837,0.8585903107053163,0.7115834893947115,17.85668773083957,32.288896126637866,49.33646641869273,0.9635601787225855,-1.7170784891939264,189.613455086372,,
1,2020-05-23 15:30:00.0000000 +01:00,0.7086708438002349,0.541853110739947,262.678985727174,256.9583097208626,0.9693775339270924,0.809201169676738,17.685575895812665,31.928643436079653,49.21877204746252,0.9847900665499573,-1.6824047409101317,190.80022102278326,,
1,2020-05-23 15:40:00.0000000 +01:00,0.7508118273052364,0.6378436911498216,257.71623353073875,260.0329163345692,0.9815609794626396,0.822880634506711,17.858439475120406,30.985165026507296,49.761014964001355,0.9976393463783293,-1.6932754953896727,190.3753214606725,,
1,2020-05-23 15:50:00.0000000 +01:00,0.704367847005158,0.5167854256569394,257.9824498875542,249.94067750011527,0.9711796086492901,0.8079366393760915,18.03098082006594,31.11598030934441,50.80310394285187,0.9934924794590149,-2.2997074277273644,190.15267940514323,,
1,2020-05-23 16:00:00.0000000 +01:00,0.742561143792931,0.5934911293332359,248.00247408090075,244.01490544297124,0.9997821482968003,0.8260450810497768,17.735478258843177,31.323709277310268,51.89015756516669,0.984384470683477,-1.7192345450896303,189.30379287894596,,
1,2020-05-23 16:10:00.0000000 +01:00,0.6647524971883466,0.4343872091867196,249.42578803520334,247.75172522821674,0.9361122041257488,0.8015111110012902,17.08579192418386,30.72206284913184,53.36450874881732,0.9727511781124272,-1.6256956122236625,190.06161947163395,,
1,2020-05-23 16:20:00.0000000 +01:00,0.5402361390100354,0.24652846991451813,249.51622754723255,247.5748714017933,0.8443858295218908,0.7195701592209324,17.226052994083023,30.888620801795636,53.10844144968552,0.9558670256442939,-1.328708217889503,189.82159639262073,,
1,2020-05-23 16:30:00.0000000 +01:00,0.73782783104354,0.5912243368412975,246.39483826836457,250.45890129685932,0.9962750212327539,0.8327828109940256,16.99594301494395,30.858520776339727,53.27885391957544,0.9939759502678387,-1.391808419780391,189.19287703171443,,
1,2020-05-23 16:40:00.0000000 +01:00,0.6907299489897106,0.49406454970802977,241.18479116520402,242.81422966733356,0.9639174523713235,0.8087371261871242,17.147982660086903,30.969166039105264,53.08989997241126,0.9995097553986673,-1.932086065712908,190.85297534233942,,
1,2020-05-23 16:50:00.0000000 +01:00,0.5881291753842368,0.33055524399500785,249.8331048278836,254.49684006424664,0.8941277517526958,0.7370130995456561,17.202606230122306,31.141361486217342,52.88909989570136,0.9626600220771235,-1.797468701400675,189.4586091375158,,
1,2020-05-23 17:00:00.0000000 +01:00,0.749765198845812,0.6146412730808409,248.4158842150651,247.50205305938618,1.00002590450281,0.841721869372696,17.267017593299936,30.873902835340555,53.19426354159812,0.9927768776197562,-1.767026424784393,189.67556879239598,,
1,2020-05-23 17:10:00.0000000 +01:00,0.607925306597729,0.3627668852068153,255.1912572445131,256.84445498062894,0.914745067114452,0.7584412712401576,16.96455384659108,30.78418547325334,52.608340681305116,0.9656743380560984,-1.8731983066799793,189.44198141457954,,
1,2020-05-23 17:20:00.0000000 +01:00,0.5701248923442208,0.28491610235480286,251.35960499763866,254.24815377764511,0.8785535453275504,0.7402473557064426,16.73110129669998,30.917370049837025,52.002048776271494,0.9600271970673936,-1.6875986871820352,190.2608795728923,,
1,2020-05-23 17:30:00.0000000 +01:00,0.5316802347378662,0.2243727855450515,249.14242544807928,249.87670759766928,0.8445749428861211,0.7118005307255767,16.73028631357033,31.041843942439396,51.21468933693005,0.9475531607236274,-1.5901521802949197,189.48105268556154,,
1,2020-05-23 17:40:00.0000000 +01:00,0.5577917879470125,0.24255845863202385,252.97694740076506,253.35894002228298,0.844085178452851,0.7232857878175615,16.737879864169262,30.960722126903942,49.64968393349315,0.966914073567066,-1.4331735023636816,190.30892866549846,,
1,2020-05-23 17:50:00.0000000 +01:00,0.5513184964622709,0.24595665505409575,254.16363213770765,257.48503206390717,0.8428019884188893,0.702517864764199,16.928309257839217,30.83907285463794,49.976004268943655,0.9482500290583739,-2.099889375634435,189.09474880120635,,
1,2020-05-23 18:00:00.0000000 +01:00,0.5215529287202302,0.20003345765823963,278.9077927481578,271.27380347061916,0.8248165782023823,0.6954757451875982,15.910678725955282,30.852945924296613,48.585288191934126,0.9247960807563562,-1.3483934174658516,190.30534583046642,,
1,2020-05-23 18:10:00.0000000 +01:00,0.5003432805899343,0.17328121877201946,265.06622126324356,256.1095058720935,0.7997580927027186,0.6557893169633258,17.094316171560916,31.05440290824381,49.15681497933133,0.9133238008445683,-1.3060019791124824,189.85324714925812,,
1,2020-05-23 18:20:00.0000000 +01:00,0.440615819844697,0.11057874577002415,251.90426406169766,247.6247067906385,0.7416604872191503,0.6199379854444531,16.907233099678848,30.117924374476672,48.24124461320937,0.8477783209333909,-2.0804887127158227,190.40147285757172,,
1,2020-05-23 18:30:00.0000000 +01:00,0.5041331965519512,0.16955948684465344,248.9449216332784,245.92850386750553,0.7725662638472102,0.6418526568486971,17.119867667086087,29.748786667877432,46.76477269585988,0.9007011072101482,-2.0300380058557943,190.89638675704336,,
1,2020-05-23 18:40:00.0000000 +01:00,0.5007579880017715,0.17741465402674486,252.94864437952108,247.86455798754264,0.7765558032858072,0.6428325987870779,17.256728963696855,29.79709299272282,46.956662232113736,0.916676031944865,-2.16106583327448,190.15132437254854,,
1,2020-05-23 18:50:00.0000000 +01:00,0.5247506220127658,0.20297373042029976,254.23344670471153,255.9979257248126,0.7834177826846591,0.6602886109831726,17.135817705870235,29.70505662078117,47.29185152956022,0.9234366440699535,-1.636541464814503,189.88376338899528,,
1,2020-05-23 19:00:00.0000000 +01:00,0.622369122064256,0.3677015961635057,262.2279171984928,268.1411786791214,0.9118078763725375,0.7580712914402361,17.17130167854193,29.9855202589214,46.67912952728137,0.9656649856522559,-0.8128005865112929,191.54199578530606,,
1,2020-05-23 19:10:00.0000000 +01:00,0.592044604059722,0.3166564401292943,267.8275484129597,272.20335174819564,0.9065010770211385,0.7633830598704248,16.839322108370087,29.956765968801328,48.292242738253066,0.9691457286964168,-2.1416159291062105,189.28908718873413,,
1,2020-05-23 19:20:00.0000000 +01:00,0.6531337670663122,0.41986151251664006,281.8790790344923,276.0267299221156,0.9442073513486917,0.792923229307098,17.033211352598737,29.753602505713214,48.847731941230556,0.9795806195349206,-1.5589114139035367,189.9897757954972,,
1,2020-05-23 19:30:00.0000000 +01:00,0.5747637983594152,0.29699860417869856,297.57071795111756,298.7387332306362,0.8933183074865901,0.7533138739605852,16.02652761494835,30.144533432997928,49.68752617388946,0.9531491352832834,-1.982421190547679,189.55671951171644,,
1,2020-05-23 19:40:00.0000000 +01:00,0.598479785601775,0.31576118107988405,295.7290195613198,301.5410554754458,0.8890124431130499,0.7422801263475569,15.873409095261065,30.164683501475285,50.04178200268426,0.9630468774657788,-1.9277613525437196,189.5551976041321,,
1,2020-05-23 19:50:00.0000000 +01:00,0.42576046335281853,0.09493247188462843,300.020125204307,295.84780925757417,0.6955451007664413,0.5755625086212737,15.847778593804268,29.88231361044344,51.19518975458452,0.7263419648457764,-1.615616567690826,191.24350275731433,,
1,2020-05-23 20:00:00.0000000 +01:00,0.49941639933982457,0.1677380231386774,286.26987131943326,283.7862130277424,0.7449540245237164,0.6317223964194343,15.87392332585192,30.20103924396008,50.183150825563374,0.9035658359228181,-2.3643289833206436,189.64571328908704,,
1,2020-05-23 20:10:00.0000000 +01:00,0.5369771694346668,0.21999840147466532,285.78160702544466,285.7287809057319,0.8298602060473519,0.687597870225504,15.960575521954102,30.049315882941126,50.3235804286598,0.9308267757167937,-2.138306776124942,189.1070220638085,,
1,2020-05-23 20:20:00.0000000 +01:00,0.4605954937791026,0.10929570250159013,273.6436460850916,274.23558351318917,0.7023003347851942,0.5981242289140086,16.26304208426931,30.228427682884902,49.80918578670453,0.8342821345432058,-1.4829885847714088,190.78565327749482,,
1,2020-05-23 20:30:00.0000000 +01:00,0.47355888382711897,0.12762921163680488,275.0049194454854,278.7639742281919,0.7043381450887779,0.608445841336276,15.874518580059478,30.17581123935045,49.12366713498621,0.8612428424986467,-1.4821199743340043,190.1403892735799,,
1,2020-05-23 20:40:00.0000000 +01:00,0.5164008757647042,0.1671710805929267,279.9256748387053,270.6305920041108,0.7687033040289092,0.657285567176937,15.682554997612437,30.130509523860567,47.852606363674155,0.907540779494063,-1.7298899574695545,190.17594782834914,,
1,2020-05-23 20:50:00.0000000 +01:00,0.4531296235500492,0.13013755870445068,268.31733582098315,272.0910785461871,0.7163307820412221,0.5962134399750146,15.756139654284885,29.959033962406863,47.865840995241996,0.8589676797932317,-2.3566198139014825,190.13725372555032,,
1,2020-05-23 21:00:00.0000000 +01:00,0.45338626372399676,0.1479743699233656,276.25087166273283,276.0149645891242,0.7102056020622276,0.5980997199783488,15.947828539787475,29.87971865628821,46.9119513030561,0.8661683357865259,-2.101070437839253,189.21827667060234,,
1,2020-05-23 21:10:00.0000000 +01:00,0.566903384447769,0.2881158986021729,270.0905365909948,276.07197081079056,0.875719612713801,0.71868672156623,14.807494750725422,30.108898935357825,47.33667779861973,0.9536114689414922,-1.2381691610476162,191.00557427765017,,
1,2020-05-23 21:20:00.0000000 +01:00,0.593575858729059,0.315132569382769,267.903340424093,270.0854763930106,0.8945876725824082,0.7377170701564244,15.129009718019214,30.23021467222151,46.60534166637034,0.9696389999419884,-1.7619934339708854,189.65076570250218,,
1,2020-05-23 21:30:00.0000000 +01:00,0.5822781358435511,0.3246427152387235,270.5321143592179,267.69020512616544,0.890588151547606,0.7618945825660872,15.261390322514023,29.688651632984328,47.870163241997524,0.9652834987460819,-2.022901824498128,189.65561371018444,,
1,2020-05-23 21:40:00.0000000 +01:00,0.5235088785768771,0.211386155121855,260.1534718921192,264.6609990220557,0.8185350542740649,0.7016230864872803,15.195913189824994,29.76871605802528,47.973445590816475,0.9402579796372944,-2.5109955895372034,190.31737019162864,,
1,2020-05-23 21:50:00.0000000 +01:00,0.5941607701887233,0.29370426320400383,264.7342172559225,254.4906781617415,0.8719741010451556,0.7337538728201165,15.286745406236175,30.069145404635965,47.649870421185256,0.9566743961731907,-2.4474407889626657,190.49238894575188,,
1,2020-05-23 22:00:00.0000000 +01:00,0.5944022314350191,0.31193375412067953,258.84187122074843,262.2450948822734,0.910785525857715,0.7667434760370482,15.155290289484695,30.02059811438024,48.8425160501039,0.9646756540280375,-2.2909090890237414,189.64422988590047,,
1,2020-05-23 22:10:00.0000000 +01:00,0.5621356402806545,0.24584218520795123,262.17059561837084,254.38720942353493,0.8455095098905772,0.7253839696470868,14.92932885049803,30.122921270855162,49.31855081288721,0.9505633726677251,-2.2650119023628332,189.52554614910778,,
1,2020-05-23 22:20:00.0000000 +01:00,0.4941652007744992,0.17604158238730566,257.73236472587917,254.86960162355518,0.7840305110511616,0.6700418216343069,14.2194382020954,30.027764122944767,49.36447826616517,0.9196918832133834,-1.4771640976342533,191.09038867729802,,
1,2020-05-23 22:30:00.0000000 +01:00,0.599299195761603,0.289362555847841,257.58446376170696,258.1396173823839,0.9103059256543752,0.7482765670715269,14.123976828172475,30.08097695383127,49.06786437000154,0.960303847469594,-1.9289974843782083,189.45266886987847,,
1,2020-05-23 22:40:00.0000000 +01:00,0.5916922576322149,0.3241521483277092,250.61198983675328,259.8846336280125,0.9155537189647655,0.7621042142116559,13.799097582391521,29.836919444633338,48.80498795061208,0.9665291494301855,-1.986962512392265,190.37980603936828,,
1,2020-05-23 22:50:00.0000000 +01:00,0.6243014945696076,0.35439031497939627,250.66327283432682,254.71625813707993,0.9533299771845156,0.7803910952284148,14.061942498119624,29.820060514809473,50.07496366306871,0.9631509387100102,-1.7722553409002606,189.2316435118924,,
1,2020-05-23 23:00:00.0000000 +01:00,0.5856597917348919,0.3053255837770379,258.8115741976118,251.5360453324954,0.8876016447735725,0.7427037844246789,13.970684455526376,29.184320706394185,49.72786033732801,0.9628438151357633,-2.3099495235164573,189.55856483485863,,
1,2020-05-23 23:10:00.0000000 +01:00,0.5622120112657636,0.26973692661522736,255.70951887191939,258.3276995388159,0.8584145871373012,0.7291411481151129,13.805275592041339,29.325099455259412,50.13598382077238,0.9611053911696757,-1.6852734653532557,189.6435605531713,,
1,2020-05-23 23:20:00.0000000 +01:00,0.556493420903639,0.23967794976306306,252.8397019939075,253.30782982188254,0.8417623321461851,0.7125863586689072,14.046135561035259,29.01060091742393,49.630668129656115,0.9566226223920488,-2.319227288231378,190.5643387322719,,
1,2020-05-23 23:30:00.0000000 +01:00,0.5538504865203512,0.2574933106489357,251.82809771574196,251.31396869801353,0.8588725160709405,0.7235608511639788,13.895745690100325,28.794895525576678,49.57881744457625,0.9539654433894351,-2.082574044961351,189.2646376855637,,
1,2020-05-23 23:40:00.0000000 +01:00,0.5631146481886432,0.26528412939190654,256.24431495447965,250.65471003511615,0.8583718480149011,0.7214384724758568,13.864198018327118,29.27724476170104,49.91233285443606,0.9618461735577958,-1.4358417760382394,190.1486159700953,,
1,2020-05-23 23:50:00.0000000 +01:00,0.6659290499035908,0.4837510507066535,252.60480784192742,248.5406480936392,0.9727878889767393,0.819037634700767,13.941674176506734,28.8086213152454,50.23403730639885,0.9897477913351655,-1.636746325854247,189.7969178053395,,
2,2020-05-23 09:50:00.0000000 +01:00,0.4441394336113517,0.09691139452381463,272.39966582046196,271.5547854533216,0.684054973487545,0.5775773124209642,17.817694860670834,29.847625451255144,38.10594331794884,0.8103011468001431,-1.2574028430212858,190.32549071143265,,
2,2020-05-23 10:00:00.0000000 +01:00,0.4682705263620792,0.14699286257981903,269.0229115056569,275.18277782347,0.7310209839471327,0.5909462625738768,18.06967661549599,30.195392341079685,39.24159608068948,0.8542230804200515,-2.4352689952302264,189.3982934175715,,
2,2020-05-23 10:10:00.0000000 +01:00,0.5002504846081767,0.1757015021590936,276.3083623960264,267.7071424916437,0.7561226107363889,0.6300986865695466,18.21941447473967,29.900008220593016,39.91648958361282,0.9095712612804325,-1.4463672908129528,190.8299225584039,,
2,2020-05-23 10:20:00.0000000 +01:00,0.49525961068479674,0.19640128319200778,259.97323969003907,260.09742603907586,0.7688302272619431,0.6557173854354564,17.99045110419086,29.692951210780798,40.843088374181235,0.9001044052471022,-1.9464132317866882,190.1754603664723,,
2,2020-05-23 10:30:00.0000000 +01:00,0.47820072859315504,0.16678112871290435,262.8235930884132,273.56756445963794,0.7375511313015702,0.6332073581492437,18.02640286135653,30.059009225478967,41.92295828567707,0.8916880496853272,-1.9848740119456934,190.3037552957262,,
2,2020-05-23 10:40:00.0000000 +01:00,0.5352823660395101,0.19883149045066698,280.88053709439214,275.5212850680269,0.8270688116582993,0.699101029979937,19.318148846123954,30.290083130331563,42.8324437555948,0.9210386471270026,-1.9304951891511384,190.67141422191753,,
2,2020-05-23 10:50:00.0000000 +01:00,0.5139945672263226,0.1834734939493818,277.0638530113904,275.69756649305896,0.7894754808660539,0.6618279409762523,18.86516571579529,30.28980306012365,44.26486309164471,0.9086677550928685,-2.2522399055258098,189.67214449966224,,
2,2020-05-23 11:00:00.0000000 +01:00,0.5056447657091895,0.1649472964154854,279.2055436447681,279.34804911170664,0.7663613303941973,0.6362297840031094,18.941988507307578,29.891523213980676,42.65764845352689,0.8980274286221485,-1.9596481093993068,189.34602322855025,,
2,2020-05-23 11:10:00.0000000 +01:00,0.5012237728035582,0.14794399813571454,282.20366771422584,279.19854473970486,0.7694055286867434,0.6235331440177527,18.984809825769524,29.962662524549163,41.80960780530338,0.9005992822592862,-2.364668732646001,191.03485545367394,,
2,2020-05-23 11:20:00.0000000 +01:00,0.4889597534868305,0.19320812819232883,286.8769417303549,287.0567756952371,0.7343762256369155,0.6256069902539894,19.148450068980583,29.707674215926783,41.6169449871844,0.910887220166142,-2.0978971566396267,190.08130278976327,,
2,2020-05-23 11:30:00.0000000 +01:00,0.4981941100564132,0.18330089210917092,289.76759315179964,280.82843629199857,0.7662851452188076,0.6325738482599417,18.794737800217153,30.17460049072807,41.63066450443341,0.904698548033827,-1.369306838369197,190.8567913861569,,
2,2020-05-23 11:40:00.0000000 +01:00,0.6045012659352398,0.3087129949718013,270.64176158674263,269.0841122381963,0.9178769373125133,0.7541330537043995,18.692653375692917,30.090484198737396,43.15861235571357,0.9707744182847254,-1.4069542730443048,189.93157148198335,,
2,2020-05-23 11:50:00.0000000 +01:00,0.5896888669253777,0.27642883213298963,261.6342442996267,258.8268439027106,0.8954540466749583,0.7517532475275466,19.188485241720254,29.997310016589136,46.02817379672571,0.9644562309871166,-1.5050500873981876,189.59749630008446,,
2,2020-05-23 12:00:00.0000000 +01:00,0.42469295143534164,0.10404622913907693,275.8478990253815,272.8553124650936,0.7100174271386032,0.6027547480037452,19.180429903244214,29.795048012208916,45.59569585146869,0.8096808669142143,-1.3911822032091166,191.87789103618547,,
2,2020-05-23 12:10:00.0000000 +01:00,0.5805078504865009,0.2591785977864929,265.994844794475,260.8856919407345,0.8689360945908103,0.7260556665290614,18.781658953737217,31.144164088907328,45.08641978063533,0.9605449215992184,-1.4498027284256645,189.45556717557275,,
2,2020-05-23 12:20:00.0000000 +01:00,0.598514060086904,0.30816285700397694,274.66335891431515,273.9963915735956,0.9048590555688311,0.7604090162281535,18.83755384349241,31.06852065847153,47.253474002718455,0.9757343350982075,-1.8427038984543425,191.9059478006439,,
2,2020-05-23 12:30:00.0000000 +01:00,0.5620546072174722,0.2724813937715087,277.09617366666015,285.54155320713215,0.858917721693117,0.7260200608402335,18.191070001294847,31.30250098367716,47.73839831339016,0.9675481609002932,-2.397089133861386,189.54769004767022,,
2,2020-05-23 12:40:00.0000000 +01:00,0.5177096641886321,0.20063784675923876,304.9606352815034,309.0589347891103,0.7958562383349884,0.6846326062198496,17.87323863125971,31.17906349480343,52.05499571881261,0.9292063419110899,-1.732208916429336,189.64594132877033,,
2,2020-05-23 12:50:00.0000000 +01:00,0.4603788684976767,0.14711666334771428,310.76529245070407,312.2259862925097,0.7847727439693268,0.6565818650058567,17.715191168434146,30.693804291426318,55.9256340062571,0.8743999734450612,-1.40540639081301,189.90394729097036,,
2,2020-05-23 13:00:00.0000000 +01:00,0.5005951580003394,0.17918152211671134,310.1589189347864,309.27070624992285,0.7527054347661495,0.6385794133060058,19.059983695813592,30.724017650729444,54.61067302197257,0.9084471191453842,-2.077852198375038,189.84210190898241,,
2,2020-05-23 13:10:00.0000000 +01:00,0.6572241000962737,0.39486110136254793,299.7303829539845,298.50487037413984,0.9467460336449735,0.7762136301935737,17.69341365037456,31.11320558749809,57.92363576196557,0.9738915617428764,-1.0208300999099877,190.65146803276207,,
2,2020-05-23 13:20:00.0000000 +01:00,0.5538535244830484,0.27496719218442095,300.00574865018405,296.6719211702287,0.8638498457750098,0.7057662951173174,17.93897814637242,31.06261155114642,58.041638324630036,0.9600176507228879,-1.8367338241979896,190.30452028644262,,
2,2020-05-23 13:30:00.0000000 +01:00,0.6488751835918114,0.41124260602259816,295.4559959422517,296.15525478944096,0.949299647867632,0.7945147604841761,17.90757974495734,30.90304247341953,56.94379642755218,0.9850682688153416,-1.560554865253411,189.96017863939434,,
2,2020-05-23 13:40:00.0000000 +01:00,0.557810681500449,0.2814402999092649,289.2479582720552,287.1899152851327,0.867694828528206,0.726889838191286,17.797089046296446,30.76337207202861,56.68308035361556,0.9628236939397818,-1.8348714745592332,190.85448722418252,,
2,2020-05-23 13:50:00.0000000 +01:00,0.45761038172895263,0.14555120202701394,290.13910597922137,284.3292989941852,0.7237927147315809,0.6068545438984145,17.86986460965075,31.268718485810236,53.285775885083225,0.8604659271690585,-0.9101509664813393,190.54963251155885,,
2,2020-05-23 14:00:00.0000000 +01:00,0.45829970287294974,0.1312364119041187,284.1878326977232,274.4223561709689,0.724583939354309,0.5962270061251653,18.22621334978184,31.179202913167433,49.572705446417515,0.8859234842913335,-1.5177240486179262,189.9358976224375,,
2,2020-05-23 14:10:00.0000000 +01:00,0.6323678229379104,0.3350122900418734,267.3353080279262,270.88885846320403,0.9083364368034925,0.7692805477314055,18.038249440996662,31.065560325400064,47.59865672164766,0.9740057386776249,-1.7279708966805787,191.6315541531512,,
2,2020-05-23 14:20:00.0000000 +01:00,0.6288311759400972,0.36122349619796135,258.89906939637933,258.3497472980892,0.9216366681753517,0.792490228061419,17.962699838413947,31.300336763923745,50.15756020450999,0.9870725126473151,-1.5762507928440739,190.272646095922,,
2,2020-05-23 14:30:00.0000000 +01:00,0.6567174501393513,0.3916713989656816,255.47192844398057,252.35042412562294,0.9617345430893129,0.8064873526663177,18.063145068475627,31.02807830817146,54.42937796666981,0.9847663103723318,-2.414613659477106,189.59692733689684,,
2,2020-05-23 14:40:00.0000000 +01:00,0.553849331794814,0.26077627713333995,255.74977820305378,255.27139983074045,0.861044831645036,0.708205730917623,17.69977128547955,31.261455037801245,54.168522914616496,0.9566623908752605,-1.6943199933976536,190.46869341711886,,
2,2020-05-23 14:50:00.0000000 +01:00,0.58953124066033,0.2968744688734121,263.23407109295545,261.96033145777614,0.9016109206640076,0.7483137017283692,18.052895005474102,31.046589917026072,52.752652949489445,0.9766769638776023,-1.7812854321957028,189.36744481520174,,
2,2020-05-23 15:00:00.0000000 +01:00,0.6516802464393352,0.42092114249798146,256.27556031812657,259.1490015401939,0.9316981846218443,0.7901148138356019,17.82817658290802,30.770905491064767,53.58880379930163,0.9750461983584507,-1.5798487680066047,189.81157346655928,,
2,2020-05-23 15:10:00.0000000 +01:00,0.7739006906523874,0.5984341060537184,265.5464675988356,262.47734199378624,0.9784684148370233,0.8169688869039132,17.834662667521588,31.066509447946366,58.21966291373057,0.9873588627675078,-2.134746518049216,190.85739368192182,,
2,2020-05-23 15:20:00.0000000 +01:00,0.7351247320592521,0.5598662180279489,261.0707246812335,265.79223597092056,0.9860952206632608,0.8199942348301716,17.70121483554238,31.216919905416923,59.67014747477348,0.9907638128103516,-2.2985651902796085,189.76295185763172,,
2,2020-05-23 15:30:00.0000000 +01:00,0.8511198223354035,0.7872025220774055,268.65385557101166,264.8800769987237,0.9842840277337358,0.83410353368895,17.901572964895042,31.167173688255446,61.214164719747856,0.9992213888360274,-0.7415602211256086,191.4281198804957,,
2,2020-05-23 15:40:00.0000000 +01:00,0.8529612238381948,0.7729352661780754,265.424206613027,267.7025574083571,0.9897790693657467,0.8354888148149804,18.2198091464635,31.333472031792898,62.64247811963152,0.9910016126451784,-1.309526029657098,191.3188606601305,,
2,2020-05-23 15:50:00.0000000 +01:00,0.7743415556782767,0.6227330329836634,259.519524124058,263.26027208203976,0.983188534061478,0.842591417123446,17.79828666291166,31.047327621012947,63.93679722258329,0.9857267012578049,-1.3105458842269129,191.07693797429562,,
2,2020-05-23 16:00:00.0000000 +01:00,0.8108576559972063,0.6799951263052417,258.53074480377865,257.21400702228203,0.9892172346704406,0.8286602181827306,17.14092870472462,31.929403636178918,64.41190294090181,0.9878690363042111,-1.9728666917333673,189.83694810438485,,
2,2020-05-23 16:10:00.0000000 +01:00,0.6343806954750422,0.35187549826501424,260.52940482715826,258.909147147051,0.91156756550509,0.7638762543498164,17.1293581531975,31.99393579125125,62.08011669344645,0.9836962725817034,-1.8077152975430173,189.79919243764428,,
2,2020-05-23 16:20:00.0000000 +01:00,0.6737906998187316,0.4502983737834894,254.97048514150657,259.76025317303134,0.9705677136550218,0.8150318638675029,17.121428201246218,31.791615067320745,59.995403777051074,0.9731725290153935,-2.424506750436294,190.4907567554886,,
2,2020-05-23 16:30:00.0000000 +01:00,0.8002255566133804,0.6579413304988859,257.48980902651306,257.7026068464659,0.9830835928207395,0.8384223883965888,16.848285149003008,31.18480349838496,60.049780711489454,0.9803419041682857,-1.5524713014424534,190.07710524633123,,
2,2020-05-23 16:40:00.0000000 +01:00,0.727245816525013,0.5306049345421665,252.9642666077249,255.92221528221134,0.9774714615606422,0.8323557556620912,16.94372558956293,30.67191647395126,60.35312305938488,0.984551054513855,-1.2740569683561893,189.5929250463781,,
2,2020-05-23 16:50:00.0000000 +01:00,0.7828358326592776,0.6389689787624426,252.7941828279385,260.5262817056245,0.9852562926341117,0.8255905860489088,17.04393841991987,30.696732073403993,59.26094237555653,0.986330238187047,-2.314920959845288,190.2628413186469,,
2,2020-05-23 17:00:00.0000000 +01:00,0.7306034778314151,0.5284402061256913,255.7232769905315,259.61651678707074,0.9909194982030471,0.8144435431378718,17.300173394950043,31.146033777406135,58.569935623352045,0.9872119149182945,-1.9506255019873584,189.91665238767567,,
2,2020-05-23 17:10:00.0000000 +01:00,0.6091108810535903,0.34078115264207687,261.6530788573649,261.91076612672606,0.9212188933545501,0.782178028266522,16.80243891256846,30.802165203267407,56.71380012729149,0.9773719114171475,-1.4483276932451472,190.10319390639205,,
2,2020-05-23 17:20:00.0000000 +01:00,0.6805608934324658,0.4269000756629566,255.7319502482947,254.9060037195261,0.9789596536860606,0.8203476962661176,16.976511254229102,31.133480142062087,57.36210149389739,0.9887576534128929,-2.090520911160551,189.66389339606593,,
2,2020-05-23 17:30:00.0000000 +01:00,0.6107139653548004,0.3278816829715508,259.57629629794184,257.0818080067789,0.9041589729585875,0.7592678929284429,16.80181556474884,31.224936590966458,54.91726068551767,0.9625707284930929,-2.207818932685585,190.56658976821066,,
2,2020-05-23 17:40:00.0000000 +01:00,0.60915700747475,0.3012494258921703,262.047462405978,262.49168577737623,0.8994190155024894,0.7588757749432532,17.262183359146608,30.7869078267813,55.09481960376114,0.9703373771335193,-1.6959058116006287,190.0083713300888,,
2,2020-05-23 17:50:00.0000000 +01:00,0.65109096359981,0.3570529814495057,264.8650622810056,268.87526828784814,0.9450654700175413,0.7889978473852016,16.74272294150153,31.31326773506004,53.83287654884409,0.9704992825213921,-2.190911293341203,189.9813561154159,,
2,2020-05-23 18:00:00.0000000 +01:00,0.530871416392497,0.2130392926536056,288.0770819104109,283.18142639361884,0.8481907593596014,0.7053252059834056,16.117611010273595,30.767485014430047,51.20984619030068,0.9371798477441623,-1.220089967658811,190.69798200376624,,
2,2020-05-23 18:10:00.0000000 +01:00,0.5783068693772562,0.22989860769850248,269.39100475317747,262.55237463152685,0.8736745193476798,0.723263639595772,17.164169770278857,29.871287336449676,48.99883163368911,0.941324745436698,-2.008049197651593,188.9876771027064,,
2,2020-05-23 18:20:00.0000000 +01:00,0.5238008834359551,0.16145305535179436,258.88969469071947,257.0900031499237,0.7946004233276616,0.6753929369177133,16.924950728337425,30.178538110781197,46.74387392114885,0.9247905567254333,-2.5319636896999844,189.73270574456413,,
2,2020-05-23 18:30:00.0000000 +01:00,0.5425973535440385,0.2300434425437767,255.68278174194222,253.18774334751419,0.8269023949473846,0.6834765981796335,17.03397750623162,29.817725927308583,44.59661874462307,0.9475156204617777,-2.322480166590448,189.58898261080478,,
2,2020-05-23 18:40:00.0000000 +01:00,0.5507508812344619,0.2623946030035645,256.8715383863232,256.196622125141,0.8421373458712302,0.7188722937710053,17.28284616422454,30.008501315909452,44.71517869531917,0.9631333900125413,-2.080735286546975,189.9561320081225,,
2,2020-05-23 18:50:00.0000000 +01:00,0.5605862136770583,0.2510216024343078,260.9441411285134,264.9372162906745,0.8525118447332491,0.7245445097908144,16.75656916896906,30.268701389774364,44.83234997925917,0.9647856766592714,-1.6979237746573241,189.83877563144173,,
2,2020-05-23 19:00:00.0000000 +01:00,0.609577932955269,0.3119847932427218,273.5872520239199,273.9433129929988,0.9112915629798212,0.7576723780908694,17.07030829167743,29.71069579935686,46.026049255226546,0.9684392945223035,-2.43287856714705,191.2086970541282,,
2,2020-05-23 19:10:00.0000000 +01:00,0.5292781574488945,0.24210379068024535,276.982048911983,284.863983641642,0.823591172309955,0.688474871332264,17.123902649565863,29.78957174484604,46.779170771032746,0.9402519921159375,-1.7424678835644665,190.58221564638907,,
2,2020-05-23 19:20:00.0000000 +01:00,0.6248983520280156,0.3738413179669742,290.18480852138674,289.43794569891975,0.8935542595546505,0.7512335133437438,17.167253221154652,30.020351381518367,49.128258859279576,0.9653312205269217,-1.850457764365049,190.08440358530535,,
2,2020-05-23 19:30:00.0000000 +01:00,0.6125142682180106,0.3479053880328332,308.76561162626354,311.10246698859,0.9003920923144979,0.7437669977462642,15.703315006222066,29.76834198027893,50.94881430951707,0.9650096352190646,-1.832771165574893,190.72077820356958,,
2,2020-05-23 19:40:00.0000000 +01:00,0.5929177960767992,0.3158760915550495,308.2231351796288,312.2305483806715,0.8932744965281163,0.7433406799602702,15.908743189588236,29.82447533224563,51.39481367704276,0.9723127823241661,-1.9628106745186438,190.87646235504087,,
2,2020-05-23 19:50:00.0000000 +01:00,0.3891025419596168,0.09003323126703931,301.98775044611136,298.4576741896681,0.6802336125354014,0.5639091334125306,15.86233345449188,29.80127285897453,50.83514799191902,0.7178240768470103,-0.7096321314864736,190.2577532496303,,
2,2020-05-23 20:00:00.0000000 +01:00,0.38498610015468293,0.08266883953666326,294.12175464269814,291.6872197509863,0.6216126072154738,0.5270074968130775,15.801726736897141,30.16244272826054,48.23952366679375,0.7078800208343786,-0.983474485495868,190.2344478130572,,
2,2020-05-23 20:10:00.0000000 +01:00,0.43103707532182817,0.11792150437884417,299.3899250402478,298.2382321206525,0.6875866461395428,0.5810203214651399,15.768372195648253,30.07274723960163,46.29613628053349,0.8364412041570434,-1.697506199639485,189.72575777530164,,
2,2020-05-23 20:20:00.0000000 +01:00,0.3224360972337488,0.05365167339823471,282.134018892858,289.7884777744953,0.6114287339483285,0.5203381078322094,15.745470085292494,29.974439004679304,44.72521524359592,0.5971296846836264,-1.5896930993686775,190.5495163897781,,
2,2020-05-23 20:30:00.0000000 +01:00,0.3829239133480737,0.07328302477624261,285.87455110721686,277.62450682336527,0.6410157894286057,0.5290600588796319,15.757565267583962,29.899225469426277,42.8124448821486,0.6950374081716274,-0.907569367565715,189.93407657559447,,
2,2020-05-23 20:40:00.0000000 +01:00,0.4023545685759868,0.09845450655859476,281.68534534993427,280.8418601493626,0.6559460480827815,0.5494688319179665,16.24221583568089,29.69070359327981,41.90637319002616,0.7512654216349595,-1.099345634546744,190.24315347950176,,
2,2020-05-23 20:50:00.0000000 +01:00,0.48958846683466717,0.1650403617106481,277.47431152755246,276.18457155677214,0.7577088950019499,0.6198400220684208,15.81075895454298,30.10252139022164,41.41692272597969,0.8969602973719775,-1.872286784018065,190.81366086838494,,
2,2020-05-23 21:00:00.0000000 +01:00,0.4634796711398501,0.13521980854450508,288.11669747244736,282.7714862722922,0.7314726687128673,0.6054674133451526,15.86388014155657,30.22992338909904,41.360868161775734,0.8431568123200286,-1.2764454734862771,190.44762854736445,,
2,2020-05-23 21:10:00.0000000 +01:00,0.540388569666752,0.2299069137968361,283.2187401932724,284.14128973299876,0.8388259497351838,0.7093634530034714,15.227453594567077,29.740188149685714,40.06976841371883,0.9308005485990177,-2.2809808812454264,189.17154451648634,,
2,2020-05-23 21:20:00.0000000 +01:00,0.5508570808278795,0.25229467620880125,277.5145276776669,274.9532788716522,0.858848795975408,0.7051036381717464,14.84461277726806,29.729748902300326,39.83165093454674,0.950164225864253,-2.174761550086334,191.17640724649368,,
2,2020-05-23 21:30:00.0000000 +01:00,0.6352594570377035,0.35581935521588937,279.69787268528296,269.45336829019533,0.9457261110773584,0.7922227263602974,15.060962338162318,30.135273928227882,41.372233468619875,0.9783000104578653,-2.0994724944989467,189.7588565966669,,
2,2020-05-23 21:40:00.0000000 +01:00,0.6244940450080522,0.31709330923204804,274.9150311890861,268.00721593620665,0.9247709016106794,0.7899498906192519,14.933536214931788,30.250139252632053,41.641169938749975,0.9607139262849914,-1.6889331840348845,189.96432093368864,,
2,2020-05-23 21:50:00.0000000 +01:00,0.6081021872603806,0.3294733496601744,271.5926009742561,270.08401327342597,0.9301801894849955,0.7684834306001039,15.26231991850963,30.23938209158552,41.565285402756416,0.9716689202155084,-2.5693073315415296,189.5069138160367,,
2,2020-05-23 22:00:00.0000000 +01:00,0.5931205124495306,0.27425832424970975,261.5134101675376,269.1453519624124,0.8960778397123375,0.7424106073212725,14.779819439412924,29.84151216951691,42.91423593784289,0.9695475816830839,-1.556674905918611,190.31783799260933,,
2,2020-05-23 22:10:00.0000000 +01:00,0.5821041822953793,0.29303479537094085,260.02075724262215,264.97729441933893,0.8992490330625398,0.7618962632598668,14.191085453451286,29.275913340821845,43.76761584726589,0.9594060327342108,-2.528700911614499,189.54674886237026,,
2,2020-05-23 22:20:00.0000000 +01:00,0.638062293508502,0.3463474367174446,266.0571440554916,259.4081144107699,0.9503857945102048,0.7842492815862789,13.985756287570075,29.314196158389223,43.900153805448106,0.9677406085240221,-1.4966695520558009,190.58738935706472,,
2,2020-05-23 22:30:00.0000000 +01:00,0.605990241410742,0.30170537754926474,260.7577452987118,270.4050964314009,0.9321332211443157,0.7653460567784344,13.773355975835603,28.748449764287635,46.334564871968844,0.9639564252275911,-1.7124800221595107,189.78802554793035,,
2,2020-05-23 22:40:00.0000000 +01:00,0.6293290221894886,0.35039103811857697,262.7117366568221,262.44372975108075,0.9269399605143906,0.7758395179071051,13.734606189501388,29.296549684672094,47.30669596756717,0.9718115973332286,-2.109728566933329,189.6831355948513,,
2,2020-05-23 22:50:00.0000000 +01:00,0.5816102968601891,0.30165526733903086,267.9918588382375,263.20091663930504,0.8919819435382587,0.7662105761902014,14.313724625905932,28.81452038602687,48.01955270007793,0.9508362553455825,-1.5433468536029786,190.73228720148842,,
2,2020-05-23 23:00:00.0000000 +01:00,0.5434101209973673,0.23451723853277098,265.3900601418208,266.09231670342666,0.8433741825332974,0.6992875887367307,14.166240814783643,28.888789061070234,48.23248701861905,0.950588608746926,-1.7062371289221958,190.06967921843068,,
2,2020-05-23 23:10:00.0000000 +01:00,0.5142046520844101,0.20642177208722293,265.69292035102956,264.9600411730247,0.80350935424334,0.6865670630381925,13.903443150543072,29.045600985082483,46.14903238030957,0.937831632149186,-2.170642304613234,190.86406383501566,,
2,2020-05-23 23:20:00.0000000 +01:00,0.5483139960831663,0.23849959951201247,266.91552752185777,261.49946587819096,0.8193803046476051,0.6984538206239983,13.94861449766285,29.128664594464848,44.96539153707241,0.9589860777366588,-2.48234614562878,189.66767203809076,,
2,2020-05-23 23:30:00.0000000 +01:00,0.6267211197973782,0.37269542019203267,264.2226727234819,265.1998009016216,0.9522575654907561,0.7917213592184543,14.295077651261387,29.055645310799676,46.80145362078061,0.9771611573435923,-1.9187022126707902,190.79142607688337,,
2,2020-05-23 23:40:00.0000000 +01:00,0.6518451329619643,0.40892303137323316,268.4809086989544,256.128349718255,0.9547322111515555,0.8054021101110934,13.861401114059133,28.075072588498283,48.60765251719152,0.9848439888293304,-1.819038697655739,190.77294247787182,,
2,2020-05-23 23:50:00.0000000 +01:00,0.737240868458786,0.6003655253848473,255.13220260920974,260.9542027204487,1.0012051008238942,0.8342855474738112,12.917643871452514,27.70060355348207,50.142014480418155,0.9976219349945034,-1.6329035110597507,190.35663415122553,,
3,2020-05-23 09:50:00.0000000 +01:00,0.48647300087133066,0.1577981813186709,266.7667702238556,261.7253375243633,0.7529635813904716,0.6332202805053068,17.864519541675147,28.957686271504063,35.01954551303342,0.8947670578690242,-2.410947585179976,189.5971571317233,,
3,2020-05-23 10:00:00.0000000 +01:00,0.43129059177772816,0.09192809224749404,267.27925569564127,264.15293082841936,0.6831084379306328,0.5744019316815585,18.24013127876342,28.885501613452742,36.34814043317522,0.7846565052793983,-2.1688339381854176,190.2930628662318,,
3,2020-05-23 10:10:00.0000000 +01:00,0.38722346042556527,0.08849109588307488,264.58731855491845,267.9007592025801,0.6586300943536458,0.5638250801535434,17.818950981042455,29.04546892771613,36.839181516115595,0.7333068820078418,-1.1344121073703763,189.79650841068283,,
3,2020-05-23 10:20:00.0000000 +01:00,0.3944938689152232,0.07397982022357807,268.28570848220045,272.7334237978521,0.6647031276174388,0.5604016397431334,18.232358936016244,29.00811001177366,37.87667573173045,0.7172369648462892,-1.1660205403388473,189.5103429750304,,
3,2020-05-23 10:30:00.0000000 +01:00,0.4815008972896927,0.14549679499566787,261.4200050145444,262.4881138203061,0.7428644923831751,0.621854548131702,18.800733647007757,29.174985522349264,38.312881268193316,0.8630176913941875,-2.310034031230442,191.13667858238253,,
3,2020-05-23 10:40:00.0000000 +01:00,0.5480827220167382,0.23870861218042946,261.95771304388836,264.3576870624573,0.8605841063485645,0.7202590685271115,19.270228273208748,28.768535300354703,38.7801430608915,0.9465101138150029,-2.416528141502303,189.97337015998895,,
3,2020-05-23 10:50:00.0000000 +01:00,0.5573142502297244,0.23957380238297926,256.5536582114137,258.9243012599518,0.837902880489833,0.7030247214671997,18.851615129716933,28.85194805669548,39.845252987147376,0.9452398152133508,-2.021624384528818,190.66512331695515,,
3,2020-05-23 11:00:00.0000000 +01:00,0.5296101250474257,0.21732364937255172,267.3788179130632,265.2233017101071,0.8325085100328039,0.7079001980611873,18.99598800168304,29.891290029632525,40.25240887232087,0.9373108477322978,-1.5501113743119312,189.89572060125502,,
3,2020-05-23 11:10:00.0000000 +01:00,0.5522065063063852,0.22150415920614488,263.05654504290436,265.8180139840327,0.8737062272731217,0.7321644984951843,18.854471299370196,30.246400677439325,39.61355430812405,0.9230068564700709,-1.4498205639291328,191.07897695364946,,
3,2020-05-23 11:20:00.0000000 +01:00,0.6685401240161597,0.38001785539720884,267.24674037740755,271.55642079069247,0.9547644537093297,0.8114694718668158,18.954528281061492,29.969283396386963,41.34075191163131,0.9801130650214535,-2.433733933964036,191.17256166509952,,
3,2020-05-23 11:30:00.0000000 +01:00,0.5806398211903824,0.2810396555521225,261.6755532205746,261.4823004054081,0.888860871118817,0.7502458282468557,18.84924714371181,29.698908431930036,42.01609247147053,0.955771155203153,-1.7122882925072525,188.87235172373047,,
3,2020-05-23 11:40:00.0000000 +01:00,0.45877090111379254,0.11414314927089036,261.31828563638885,265.2450486648325,0.7315689615769962,0.614860492209665,18.83256554208072,29.772278885695965,41.640865535782254,0.8309585224252004,-1.2355030978424983,190.47545661733318,,
3,2020-05-23 11:50:00.0000000 +01:00,0.4605443779512365,0.135342399492679,254.9761796882382,252.39507536487574,0.7364180978260711,0.6225156404075137,18.916971052254574,29.756107894469533,42.31458288453204,0.8783939343878471,-1.4352477233020209,191.00166601025433,,
3,2020-05-23 12:00:00.0000000 +01:00,0.5421707760340527,0.2264655223375258,251.62487848806344,258.8769732271423,0.8141312385343242,0.6786923292212019,19.11983099809897,30.3031946132003,42.19438498200471,0.9325614140638825,-2.5942788078747236,190.69986978804457,,
3,2020-05-23 12:10:00.0000000 +01:00,0.569900173454568,0.23494349045979465,269.08801003555925,262.2588743774474,0.8825087063159237,0.7342639696859528,18.77445673710817,30.049660279095622,42.40081977952657,0.9377878190911572,-0.46854846196698263,191.2811155674423,,
3,2020-05-23 12:20:00.0000000 +01:00,0.6317066493929434,0.33002291505293413,262.49569436936525,263.5910922781866,0.9445386838400888,0.7864531944549683,18.75833443643055,30.310422457243128,42.16800461056056,0.9702982511328021,-1.4834031904235427,189.65144144456883,,
3,2020-05-23 12:30:00.0000000 +01:00,0.5587708861927887,0.2620181280237292,268.9716983876887,279.8669214508851,0.8744991129494223,0.7136845663816499,17.87952637448945,29.958325268326796,42.943993201670175,0.9570041642494753,-1.4732105806422628,189.61045053419826,,
3,2020-05-23 12:40:00.0000000 +01:00,0.4831742581708069,0.15895040417768586,295.01137738153915,295.77237069172526,0.7870711619440224,0.6545311958998561,17.81812757903921,30.057885898321814,43.26942629702733,0.8849136889431947,-2.1369578571363887,190.7304505132882,,
3,2020-05-23 12:50:00.0000000 +01:00,0.46462061175164204,0.16813213925422663,299.8766731208569,296.4850595552396,0.7753799920864066,0.6416722508195822,18.038561391811918,29.805999095920797,42.697600692079305,0.8728296203890883,-0.3014938963929034,190.47726251625622,,
3,2020-05-23 13:00:00.0000000 +01:00,0.5707905268772182,0.27725518048558984,297.2134983781134,299.5601960699149,0.8729549734738624,0.7150350035199661,17.927635951392084,31.145309659817162,42.80268749725684,0.9443368201770056,-1.1145843931319466,193.96019823690963,,
3,2020-05-23 13:10:00.0000000 +01:00,0.598340125961355,0.26627674989912503,295.5085627362489,297.22796500735546,0.8864327062388325,0.746652057599227,18.173976468924096,30.86284951687109,43.024588276607126,0.9530861912622263,-1.9166853302477935,189.99964293197252,,
3,2020-05-23 13:20:00.0000000 +01:00,0.7018769604362901,0.4430095300515848,286.2928146433814,287.10656417997956,0.9533788699026335,0.7973586550202569,17.94135944750103,30.716246431943517,43.2936862482032,0.9785564593326904,-1.2776826240786945,189.01559775318594,,
3,2020-05-23 13:30:00.0000000 +01:00,0.7196220223527877,0.5240206992579476,274.7696480090983,280.9304663440322,0.9854770585981469,0.8081541301677354,18.277773123278518,31.150752141157167,42.647122149331146,0.9897837616569164,-1.6737625136314718,189.28789285252512,,
3,2020-05-23 13:40:00.0000000 +01:00,0.6660582067651314,0.3827220609066341,278.0099623038271,277.56389658833575,0.9382139773369035,0.7798318126353271,18.171047715945228,30.727612824755866,43.917301341517934,0.9734288061641136,-1.2246271672254947,189.3852099829383,,
3,2020-05-23 13:50:00.0000000 +01:00,0.5251761496367584,0.23471604845570776,272.4923271703243,278.5491368401106,0.8371362444007736,0.7049654926945794,18.26926414433484,30.761405225440477,45.12946368502847,0.9464068881681857,-2.33962212799993,189.7014832778835,,
3,2020-05-23 14:00:00.0000000 +01:00,0.4975109707603367,0.16377050763315998,272.4471854322245,275.4223019422929,0.8007828788537886,0.6788640071037333,17.706630748746377,31.00604983257248,44.62204879988622,0.9189711759721924,-2.060161176289394,190.73919841198557,,
3,2020-05-23 14:10:00.0000000 +01:00,0.4582908582408561,0.1315418035760939,259.4706784984186,259.74683576334564,0.7266834095991191,0.6285915166605799,18.289858612798113,31.005786855227043,44.656800613900295,0.8575064409370015,-1.4699559092056595,189.7505143887688,,
3,2020-05-23 14:20:00.0000000 +01:00,0.48784392656566655,0.15731712051056732,257.7966838861609,253.37593157033774,0.7611777221160385,0.6436379350649353,18.189003217176168,31.240793001807223,44.5766986307828,0.9061012903849952,-2.4706484966869056,190.36857349223564,,
3,2020-05-23 14:30:00.0000000 +01:00,0.5345987439387396,0.20229636534180873,251.0125014729782,244.9015467157307,0.8090436620742446,0.6768749146406774,18.28585804203611,31.25211507162668,45.00035272937587,0.9213344439446591,-2.414203238017823,190.0355961491089,,
3,2020-05-23 14:40:00.0000000 +01:00,0.5278059783380474,0.21976066118140158,254.8836662720077,251.24639718212683,0.7922249442746834,0.6814443852490767,18.00972189737024,30.937563309872647,44.729332603191345,0.9240501085259795,-2.1431370256001454,189.40629123587567,,
3,2020-05-23 14:50:00.0000000 +01:00,0.5099620365076071,0.18717907122165972,260.60973420218176,260.16308610370044,0.7873128650028831,0.6611859716346661,18.166536186253566,31.26864257037352,44.388313890990396,0.9198047571461121,-1.417792307301737,191.05304927467418,,
3,2020-05-23 15:00:00.0000000 +01:00,0.4996930708895271,0.1923515086329813,254.39962837899847,254.40840415839088,0.7741163171931785,0.6431289684640096,18.027765935632445,31.12080461902855,44.267484523246246,0.9089918921005472,-2.2046148223687316,190.19419262603253,,
3,2020-05-23 15:10:00.0000000 +01:00,0.6103281765582913,0.33361664418476245,254.3748806722272,250.0266803874881,0.8941186428992843,0.7604643788643071,17.98163702678186,30.811704494833084,43.58378786237416,0.9660740899170349,-1.1414335302138912,190.73908998368793,,
3,2020-05-23 15:20:00.0000000 +01:00,0.4948795479590445,0.20139554788215216,261.7262332288067,258.3010398775686,0.8086213419094171,0.6599234080710291,18.313827549176033,30.75494653203937,44.342502769664385,0.9251925316205686,-1.4740690261182319,189.78230145411575,,
3,2020-05-23 15:30:00.0000000 +01:00,0.6787031013527954,0.43258953328575467,268.3674389202856,262.6452645409724,0.925155693535278,0.7852786736873636,17.897494654756017,30.720128523455397,44.25911832259354,0.985762922284914,-1.5241863241515972,189.43626011686663,,
3,2020-05-23 15:40:00.0000000 +01:00,0.6701316319642885,0.41623498438800643,264.39105324076434,262.72108252767174,0.9423943191324057,0.7919974182720414,18.157365905569375,31.30070959329454,44.78065731377722,0.988429641169198,-2.1430667290712404,190.02943627420356,,
3,2020-05-23 15:50:00.0000000 +01:00,0.670240804174954,0.4299278637447685,255.03807556059266,252.84811048016766,0.9247450514949959,0.7777477165389084,18.110073204380566,31.329170012315405,44.76216098555629,0.9783146818392938,-2.3002800926438285,189.94029096850727,,
3,2020-05-23 16:00:00.0000000 +01:00,0.6973656486932701,0.5434305844457594,247.458423908957,242.55090625040626,0.9800174563043028,0.8102444136452297,16.844281152041585,30.844344360285604,45.707852135078134,0.9831890263603976,-2.081650345132404,189.8424122486946,,
3,2020-05-23 16:10:00.0000000 +01:00,0.5159212541289065,0.2300199418084101,252.36172228609425,256.38493259938286,0.8307723737744179,0.6966186964814748,17.081955953934735,31.185566624970647,46.09153758039125,0.9449096564128507,-1.6477517249857343,190.34987899003832,,
3,2020-05-23 16:20:00.0000000 +01:00,0.5637974702527341,0.2510565426382862,260.2671717993761,254.23619139320365,0.8600003638771199,0.7101906004036622,16.971048988682735,30.804764471106942,44.964943984221655,0.9392521389801154,-1.3066174510910837,190.20301826392276,,
3,2020-05-23 16:30:00.0000000 +01:00,0.6873505872350225,0.4516745570024888,247.36145753083875,244.09614172728115,0.940864527584928,0.7922289903122692,16.989371012691986,31.27158324652135,44.649520677631045,0.9820288171279413,-1.973495316654237,189.1628673350328,,
3,2020-05-23 16:40:00.0000000 +01:00,0.6817696438965973,0.41818651319244543,246.47776581825067,239.08473492731846,0.9331012021512621,0.7966474579812256,17.06240981798995,31.23190893360556,43.75735834612362,0.9803436897428373,-1.4506530804079736,190.52447832288138,,
3,2020-05-23 16:50:00.0000000 +01:00,0.5881090439472074,0.29362183195797853,247.42774556869043,254.82675663854778,0.8815272857502179,0.729580531711452,17.078495849684572,30.691262141782964,43.71729470371351,0.9547294162641121,-1.6938162579014309,190.00221843020557,,
3,2020-05-23 17:00:00.0000000 +01:00,0.6033922473480762,0.33328419694598926,256.9038416032539,251.35919098865403,0.8980674992986408,0.7628291440054779,16.821280415830515,30.910800090830648,43.194727242696274,0.9628884160234601,-1.8293458429048857,189.87851649569575,,
3,2020-05-23 17:10:00.0000000 +01:00,0.5713751295646781,0.2774836111085428,254.9045520942851,252.4617496045836,0.859247928319492,0.7308648883595528,17.16874861641908,31.18492681552409,42.84708098001467,0.9507819749918831,-1.9844533546810754,189.63133826143357,,
3,2020-05-23 17:20:00.0000000 +01:00,0.5397810720697582,0.25118275778068927,255.50134986810036,249.95752695114322,0.8505151078438012,0.7097109143943864,16.887768003014873,31.051309816693212,42.13589379025118,0.946754700118905,-1.548237060120923,189.7057815888585,,
3,2020-05-23 17:30:00.0000000 +01:00,0.4909725037070922,0.1545353004051213,254.64917092986778,254.55452374263012,0.7894782495322067,0.6516589457991164,16.914238323388375,30.913261260326582,42.24003025409165,0.9081340123699165,-1.394118208017163,191.1000289411563,,
3,2020-05-23 17:40:00.0000000 +01:00,0.5035486236275698,0.18418136900285342,258.97009571840266,255.07576532659934,0.7683708161134286,0.6368778285878478,17.209060372529287,31.092988404961503,41.331208003440516,0.91369716555444,-2.037772174512905,189.3883081661517,,
3,2020-05-23 17:50:00.0000000 +01:00,0.49442978280226024,0.18099709404594513,258.82188459289705,267.44282229050447,0.7587137234331788,0.6249094820341645,15.926739584589749,30.280051033312414,40.74623837893296,0.9121965421562064,-2.3827351949984164,190.35352746358456,,
3,2020-05-23 18:00:00.0000000 +01:00,0.6533724577491172,0.35358731030473367,274.5273488884637,269.5792764998209,0.9350724760606003,0.793534931936175,16.239514085037648,30.1497779059841,40.97817781408412,0.9785783217664523,-2.0386538859017973,190.75421534927355,,
3,2020-05-23 18:10:00.0000000 +01:00,0.5375276284043917,0.22121389449909568,256.07884209054936,258.6165735818036,0.8564861101927027,0.7289731987313004,15.78249120155225,30.124275415216506,40.846364395614714,0.9289626530894992,-2.326201627087065,190.02545138248624,,
3,2020-05-23 18:20:00.0000000 +01:00,0.36147971236632603,0.0763705521080231,253.468801390113,248.21898150755024,0.6170241639788269,0.537028524499436,17.092842158549733,29.715807504435567,40.68226999858842,0.6667938007671896,-1.0753591877464885,190.71400819108484,,
3,2020-05-23 18:30:00.0000000 +01:00,0.39079845032967386,0.07812091765659862,249.96885567965592,250.3768398028581,0.6331887475490359,0.5259513436791585,17.082094349923732,29.869691468443737,41.03015775713618,0.7361939373974911,-1.9537337425949322,189.3372773095832,,
3,2020-05-23 18:40:00.0000000 +01:00,0.4311225124800857,0.12185865045781513,248.89425778846172,253.5571800894854,0.7019416950468581,0.5807626627042229,16.86183998606407,30.187026725096732,40.65951789164414,0.8346879451592857,-1.9184299521143353,189.60239822410426,,
3,2020-05-23 18:50:00.0000000 +01:00,0.43426677617932563,0.12473851310447724,259.1252597927286,255.6806879319191,0.6771438961225664,0.562614847057549,17.07845225593851,30.206256045196508,39.622866796125074,0.8436172822390309,-2.1046376837779515,190.03825266799493,,
3,2020-05-23 19:00:00.0000000 +01:00,0.559237550334064,0.23620826181281565,265.29566003408723,264.29778211566753,0.83113911036811,0.685854750814061,16.92480234594928,30.24077824329827,39.78237165863458,0.9401513400148227,-1.8201375762154863,189.92846749264461,,
3,2020-05-23 19:10:00.0000000 +01:00,0.6048299843521864,0.3181546072198642,267.23688026038513,272.63990917086215,0.905422165054747,0.7464053045323864,17.231745918974806,29.78462654152481,39.94566577081557,0.9706108487636799,-1.414656512337682,191.319374346177,,
3,2020-05-23 19:20:00.0000000 +01:00,0.7466406998098126,0.5719427846922458,279.2086574468416,282.6698394205156,0.959120042054187,0.8116695269205151,17.0907312849722,29.93078303882119,40.58368603886674,0.9807323986375289,-0.9020899355552094,190.25012575925638,,
3,2020-05-23 19:30:00.0000000 +01:00,0.7175587019467476,0.5227129608033845,300.76280181316605,300.33361737666553,0.9514972351375005,0.8035589990977653,16.3012036120371,29.92826530587389,42.31833359476163,0.9913220765377915,-1.4588894065006888,190.60860159969488,,
3,2020-05-23 19:40:00.0000000 +01:00,0.6190304422679828,0.355202087854164,300.15559024428075,294.57790740420864,0.9232868145938199,0.7753787768093101,15.846381980310058,29.92511417329125,42.776274530198684,0.9608215555554636,-2.38174787954134,189.1329848675108,,
3,2020-05-23 19:50:00.0000000 +01:00,0.5518847379690741,0.22479098143470633,293.48963439048856,298.17763782316234,0.8657398664001624,0.7328015468623706,16.26108954372107,30.210668675108046,43.80475457507438,0.9559619745788716,-2.4256439598137094,190.1416610246243,,
3,2020-05-23 20:00:00.0000000 +01:00,0.49937880781135807,0.18006369486989346,279.0778977848253,279.9597074057009,0.8164430234488907,0.6767239212107962,16.133474999510202,30.0889854667775,44.063057795587234,0.8991468972881909,-1.6155972924108628,190.07264125190258,,
3,2020-05-23 20:10:00.0000000 +01:00,0.5595741554290367,0.2388913582003784,282.70396576530703,284.781073241607,0.8656476656646942,0.7244010784417519,15.993254502405167,29.76851188379959,44.107828266211826,0.9479205496398692,-1.2983676043927264,190.45177950798995,,
3,2020-05-23 20:20:00.0000000 +01:00,0.5282095042691007,0.18351556407681477,274.33902368796515,272.0699104030428,0.8254882759955336,0.6941618201420149,15.755109324098695,29.89859183663396,43.72069391402585,0.9195653481192888,-1.537495145212801,189.60983199830548,,
3,2020-05-23 20:30:00.0000000 +01:00,0.47515252582912415,0.13179769334561622,279.098848970965,274.63501350565775,0.7647864045541545,0.6480112510895023,15.955727619786336,30.057664295076528,43.56704232455833,0.8760742915860159,-1.5541839111157665,188.65920557752673,,
3,2020-05-23 20:40:00.0000000 +01:00,0.5507829858379821,0.22370349764189892,276.4789082461749,275.8309837832718,0.8326031101054032,0.7161348616516994,15.741864307930307,29.85533668156234,42.76172006761177,0.9494015634908338,-1.6847914063352976,190.0795950575,,
3,2020-05-23 20:50:00.0000000 +01:00,0.5442533092450863,0.2087533644614904,267.3950435682113,274.21875352974286,0.8380626726599563,0.7065346924175412,16.30267967829199,29.765049222448084,43.3305709262216,0.9207561703496682,-1.7614874992656249,190.1377967572813,,
3,2020-05-23 21:00:00.0000000 +01:00,0.5417810742313148,0.23602760531006695,277.8042258978508,273.5793752373714,0.8211389319203435,0.7037586557503169,15.132060046851446,29.90789992070764,43.01913152149627,0.9300230320352109,-2.292338116801066,188.52340294108652,,
3,2020-05-23 21:10:00.0000000 +01:00,0.6320853309440827,0.3411090606318338,271.1763898770056,275.9945608133936,0.9276859925025215,0.783688812646163,14.970809537390348,30.0774391855432,42.907869764205195,0.9760599253484242,-1.2178472682752595,190.30565224582037,,
3,2020-05-23 21:20:00.0000000 +01:00,0.6693212183585928,0.3941364691248509,271.20086880343587,270.3221197829788,0.959402098205835,0.801796547039987,15.097248785339936,30.030526322401613,43.37750414980348,0.97534094348426,-2.0602880265988306,190.15293205846035,,
3,2020-05-23 21:30:00.0000000 +01:00,0.6853615508704963,0.4342081260710561,273.883254599234,262.28207526080365,0.9671732957537832,0.8207293715137514,14.849110979471986,29.26388456163914,42.64892892644933,0.9779319501848087,-1.6722319761756193,189.4379406894578,,
3,2020-05-23 21:40:00.0000000 +01:00,0.5973998067883852,0.27493557117650336,263.7884087951224,265.3053106512726,0.9084972938037992,0.775859202698874,15.296799699596793,29.158550218347653,42.88887664447436,0.9653325067049439,-1.7468750733026535,189.65429250421928,,
3,2020-05-23 21:50:00.0000000 +01:00,0.5483568272874036,0.22055075037099278,266.03413487127375,259.8834960991073,0.8650233272648844,0.7256626899963043,15.064960367010926,29.184949438270444,43.85816633405493,0.9402517588532453,-1.5848520091194593,190.23452097772926,,
3,2020-05-23 22:00:00.0000000 +01:00,0.5664816374570321,0.27615247320769853,260.4878591044318,258.90487566677206,0.8601921165126918,0.7340218847101327,14.196439895766373,29.224789985605724,42.74906802729152,0.9534368235053254,-1.8078402261087423,189.47524061899665,,
3,2020-05-23 22:10:00.0000000 +01:00,0.4899397064755968,0.1896410100285172,254.80043548190966,251.6178651009931,0.8118389524288285,0.6771050292767603,13.91472692017041,29.17132824445133,42.58530814058918,0.9018639510561012,-1.328393799562015,189.71170672668285,,
3,2020-05-23 22:20:00.0000000 +01:00,0.40157849472224544,0.09246956129090127,250.3575161711754,251.33702676506948,0.6509871067624093,0.5543520238337908,14.013384069248142,28.796406946491043,42.73826439091047,0.797460904120346,-1.417673073308066,189.24800431751356,,
3,2020-05-23 22:30:00.0000000 +01:00,0.5178454778848495,0.23222817561707298,259.03197845557213,262.67458113272704,0.8085758862266974,0.6626070201741345,14.014397696495925,28.76223180078305,43.159805107522374,0.9301385848522102,-2.0571118989428583,190.34273626815397,,
3,2020-05-23 22:40:00.0000000 +01:00,0.5391664936482714,0.23475220486404932,252.7206448840081,259.2902927790003,0.8176791615357831,0.6988275985441241,13.988578043476267,29.26550986080461,42.762419670524366,0.9436222734326232,-1.6862688571281266,189.22359332290569,,
3,2020-05-23 22:50:00.0000000 +01:00,0.4839510159955911,0.1823383830180221,253.4700189911005,254.94764887630456,0.7378381782750711,0.6144604399908186,13.991429638736761,29.17056132259342,41.96064865125941,0.9023887481375259,-1.6996329040969815,189.59304481019095,,
3,2020-05-23 23:00:00.0000000 +01:00,0.48418411488389274,0.17524833839633946,257.9985138382176,255.43606881839904,0.741615103191099,0.6236473103176656,13.687802008487365,28.87789127875596,42.16666215722415,0.8973413278828108,-1.4556690098922709,190.60688431515533,,
3,2020-05-23 23:10:00.0000000 +01:00,0.5391643568981092,0.2098007246580192,261.54989383274005,257.88985471745974,0.80758214654385,0.6655042435276197,14.28643578153445,28.77497994494709,41.92262262675021,0.9349938257547995,-2.3839925868950567,189.10826961228526,,
3,2020-05-23 23:20:00.0000000 +01:00,0.5010635137753957,0.17395270670817425,264.7252165803142,258.5225554447844,0.7716433328716638,0.6664759947208136,14.038510138770617,28.70251601238639,41.563212049844225,0.9299421875113135,-1.734495489048777,190.34651517543344,,
3,2020-05-23 23:30:00.0000000 +01:00,0.44948053978899755,0.11698644724678892,253.14929358121182,250.0381923270842,0.7067257141824134,0.5791581417534906,13.943812378336938,28.973101297340087,42.26795612618605,0.8411243877836488,-2.034754703120158,189.2509392214409,,
3,2020-05-23 23:40:00.0000000 +01:00,0.4682377201404837,0.16305886563206254,254.32218933461118,254.5887265088194,0.7157219945891823,0.6150581779974418,14.288437513412186,28.734280704117623,41.00681601140956,0.8835211627088931,-1.788408806271826,190.01442518501958,,
3,2020-05-23 23:50:00.0000000 +01:00,0.5341134769963334,0.2300465737528655,256.25141541827736,256.1106543459032,0.8016137703835404,0.6724766607136091,13.015265253681614,29.107919036030886,41.39896269263366,0.9551646859988598,-2.3876601386318086,190.00174390738673,,
4,2020-05-23 09:50:00.0000000 +01:00,0.38373485935867785,0.10214422954090108,256.90232787678883,257.9550735264531,0.6242376389142767,0.5299716825309623,17.71965181008192,29.042818165550838,48.73601471412743,0.7759639569960017,-1.259107175698231,189.77336106148655,,
4,2020-05-23 10:00:00.0000000 +01:00,0.3947817582422206,0.10202142091263383,257.2794501562444,261.3963249987967,0.6336527730232385,0.514942833529167,18.049188971965666,28.79877560076486,50.662524446272855,0.7765265009924592,-1.6820815562710627,189.4039910918801,,
4,2020-05-23 10:10:00.0000000 +01:00,0.3651404161857831,0.10203378463117566,257.3344297774688,264.48002382958765,0.6261463681289998,0.5137324045045117,17.98462014354977,28.955140886944374,51.72591784250519,0.7656312996564774,-2.0372095232321143,190.32647851393205,,
4,2020-05-23 10:20:00.0000000 +01:00,0.37239275174020214,0.0941188318660488,261.64630522455155,258.80531785037783,0.6197303570849821,0.5315311241769753,17.68558815679224,29.008217919717243,51.73971570886622,0.705645658457706,-1.3139183282643794,190.01040038316194,,
4,2020-05-23 10:30:00.0000000 +01:00,0.4066987004969142,0.11705010972226376,252.55606862493673,258.5744985425679,0.6487158344689603,0.5469307912414257,18.107645851053245,29.25586361867405,52.86746542840476,0.8436792416921137,-2.283962962424544,189.9134088411535,,
4,2020-05-23 10:40:00.0000000 +01:00,0.4338672100480616,0.14097854351947575,257.4629567420873,255.3039332798227,0.6937358405894699,0.5836083764125934,17.739121585300627,28.92378154705327,54.40929161317678,0.8988500145792164,-1.7559774939283852,190.2914970767837,,
4,2020-05-23 10:50:00.0000000 +01:00,0.4808960586619782,0.19038834184121306,258.0575494946901,253.9659176046096,0.7434024024618446,0.6257891015161473,18.921792426411624,28.958297310923367,54.06004861498186,0.9136632817937976,-1.2633070213152786,191.5878772068265,,
4,2020-05-23 11:00:00.0000000 +01:00,0.42784973878394006,0.1295870638267665,260.23495895915244,260.9118302403748,0.7266138033835693,0.6063284446645876,18.786827386959793,29.216431752596918,55.00093728305565,0.8516444476029763,-0.8697323199480371,189.566781837097,,
4,2020-05-23 11:10:00.0000000 +01:00,0.4583576988098342,0.17740735027315097,259.2910847446872,259.1344065527136,0.7107980945215941,0.6007249797300809,19.03325437824177,28.889167876518048,54.20150130167785,0.9082523465687008,-1.794940005656072,189.3484081061775,,
4,2020-05-23 11:20:00.0000000 +01:00,0.5194596819185607,0.26502190396716524,266.9848803313984,267.7420400215508,0.8242670267343234,0.6898289941968491,19.259971228490546,28.975656121395637,56.403616755540114,0.9659635050330192,-1.6781144066047284,191.3889870338618,,
4,2020-05-23 11:30:00.0000000 +01:00,0.4655772378568089,0.19417268548683836,253.27107692367753,254.01381357527166,0.7903600881077799,0.6541592898669029,19.236542369387223,29.722158113637818,57.317721203862774,0.9198906781256976,-1.6863284343386271,190.92817331643857,,
4,2020-05-23 11:40:00.0000000 +01:00,0.4530609859902342,0.1646383312688973,256.9765917614152,256.8538953158994,0.7083871498706307,0.5966091900786944,19.223891149861366,30.00211158302141,55.366820082631854,0.891900300134979,-1.6741778742275257,190.33820787759834,,
4,2020-05-23 11:50:00.0000000 +01:00,0.4749783310613633,0.18120426247871044,252.4050974523281,245.97029133665762,0.7393287875885839,0.6199458531634048,19.302179889532795,29.96125455949555,53.91289508214475,0.9277439166876782,-2.4741984253510667,190.85003790674958,,
4,2020-05-23 12:00:00.0000000 +01:00,0.4705781718001418,0.1913663262220697,250.7431798855961,253.2096525959282,0.7093756029146686,0.6144641788655738,18.83792499423093,29.739876019183274,54.41633798331841,0.9258555891022647,-1.658856240127668,189.43023062051157,,
4,2020-05-23 12:10:00.0000000 +01:00,0.4163704915745131,0.11556181432506188,267.4128575511623,269.05002499407294,0.6599413883219943,0.5625773405746225,19.095653486207073,30.305069424705685,51.69610609887554,0.8400140581821784,-1.609702788992039,188.9383042856677,,
4,2020-05-23 12:20:00.0000000 +01:00,0.483421327213984,0.20457272507692736,252.39773602687336,253.65245358724425,0.7458613982499056,0.6126859790310547,19.238653826227754,30.030118250379132,51.668222261724054,0.9455179348766726,-2.3896451550815216,190.1989645016052,,
4,2020-05-23 12:30:00.0000000 +01:00,0.4950039681278031,0.23655666366827133,266.5601431761904,271.7776208123533,0.7780867655513776,0.6519842465828625,18.239623770334337,29.996740381098093,52.104926480305245,0.9417221952655576,-2.478649960599974,190.13441724140995,,
4,2020-05-23 12:40:00.0000000 +01:00,0.5414266296158236,0.2622522088531185,289.9231619244365,294.90947294085345,0.8419802201710003,0.6956536014983119,17.92211078876404,29.982067774431908,54.393102591471106,0.9553446539578119,-1.7523148209451929,190.86911974242054,,
4,2020-05-23 12:50:00.0000000 +01:00,0.5414904380713469,0.2722935014962452,297.2266142814825,296.76717361505985,0.8392467454931658,0.7198055071868396,17.875444554956644,30.232506190792684,55.76357457911349,0.9501914926863052,-2.1068997715149513,190.4370538400515,,
4,2020-05-23 13:00:00.0000000 +01:00,0.5771024399563337,0.3509843312124527,291.1319733540257,286.70810301928304,0.8822310165070002,0.7384836356360942,17.864428513980513,30.279079815872443,58.22360852551581,0.96227782960396,-1.2392308716635514,190.4321518745573,,
4,2020-05-23 13:10:00.0000000 +01:00,0.6463945667920807,0.4772654734045509,293.42316432618355,291.8446601914818,0.9320209724771775,0.7922042854640021,17.989231729111108,30.229761127774864,59.67616444387695,0.9887895878348562,-2.2453533420529643,190.5225523520137,,
4,2020-05-23 13:20:00.0000000 +01:00,0.6255541243707013,0.4390301793508366,285.9074887445095,285.7141761450762,0.9197524765067453,0.7612327006680109,18.023758775391645,29.68857437143286,59.94480627201263,0.9860908698307862,-2.1224745963293246,190.8287686202384,,
4,2020-05-23 13:30:00.0000000 +01:00,0.6749012479004548,0.5200706766987057,277.5116055156646,274.4578436700165,0.9322780139725243,0.7770555468683035,17.969830585259274,30.204621236777587,60.70919612466531,0.9838650007940514,-2.289886587195359,189.05439566028514,,
4,2020-05-23 13:40:00.0000000 +01:00,0.5780505978108119,0.3529166935248774,277.4950752541314,276.42834814905063,0.8732059250038404,0.726524844388096,17.83685817418017,29.816702647994187,61.092013571616135,0.9679947664331604,-1.2762541698021805,190.05379110865803,,
4,2020-05-23 13:50:00.0000000 +01:00,0.5296214701839079,0.24579251248114578,276.08266983004654,274.6962405578793,0.8296250369332056,0.6921018134628923,17.74465486733275,29.730502560841078,59.142704540553474,0.9474911669600132,-1.6933116610736505,189.2660976296218,,
4,2020-05-23 14:00:00.0000000 +01:00,0.4558511003081962,0.1347317994802366,268.196045961999,264.33589514720893,0.7502367949823958,0.628900477435008,17.87284081798965,29.76964592608714,57.179514124752416,0.8756065384979176,-1.1251648418368132,189.75693979271824,,
4,2020-05-23 14:10:00.0000000 +01:00,0.40741770800656696,0.12004639866540277,257.9120927931876,262.4061040449768,0.6508867508854708,0.5577591888352151,17.688543191377736,30.17211348197127,53.89834945540669,0.8409429834801636,-1.6718101738478246,190.01395650583177,,
4,2020-05-23 14:20:00.0000000 +01:00,0.5074421384271713,0.2217596693901113,245.8397981163123,242.14271655065434,0.7802102498837485,0.6548928506662122,18.12126178696342,30.00975627786257,52.71646842088244,0.9343652668510601,-2.232497851024805,190.32177496908386,,
4,2020-05-23 14:30:00.0000000 +01:00,0.510373506698745,0.2026222124650538,242.3900384201018,241.9318910947148,0.7462041589439047,0.646040928378906,18.066394390903497,29.88033482098508,52.86632166218864,0.9330470771880239,-2.2471282901924505,189.2315192637199,,
4,2020-05-23 14:40:00.0000000 +01:00,0.5024917817668391,0.26591667196168944,250.46609038650362,248.83898126806793,0.8124558617379078,0.683940169538858,18.285548612008874,30.047734007455954,53.66254781791097,0.9520224905766095,-1.8400828990257776,190.88899131691437,,
4,2020-05-23 14:50:00.0000000 +01:00,0.46218047010106983,0.17754484118060523,249.95508558722423,251.70654626156175,0.7769688923717597,0.6552894697379521,17.680495140683757,30.211571284036655,55.32451225248941,0.9181788256555713,-1.3072296250258182,190.3668967629943,,
4,2020-05-23 15:00:00.0000000 +01:00,0.5173172835282493,0.26603133845109106,245.43014435510756,247.0013903970188,0.8125759515638253,0.6755766414286806,17.904052908615714,29.958108074101336,55.301921750939364,0.9657231221548469,-1.6957743049376444,190.67838304511065,,
4,2020-05-23 15:10:00.0000000 +01:00,0.6500568819952609,0.501556904262326,244.78199357879038,247.37354386542395,0.9189603042516308,0.7744500616937262,17.89562205607422,29.995405833941355,57.02563750516927,0.9946463897471903,-1.9175716477833673,190.45522191441154,,
4,2020-05-23 15:20:00.0000000 +01:00,0.5410558498218033,0.31601495987483463,253.90307068354215,252.0024108331969,0.8364005336399046,0.7010801961868545,17.753719611350544,30.233329362559733,58.17499482683848,0.9720616037996554,-2.411683476483388,190.19201791514277,,
4,2020-05-23 15:30:00.0000000 +01:00,0.5870681025273189,0.38265289512255163,261.0342942317521,258.47434899857365,0.8715981602651185,0.750075228796836,18.004245912340057,30.26402734448981,58.07208798755026,0.9723764286954282,-1.3871300349620128,190.23683056297085,,
4,2020-05-23 15:40:00.0000000 +01:00,0.6268030096426545,0.427389755668194,255.5767731151467,259.08283223256416,0.9247912469721467,0.7631122745957409,17.70559964187994,30.235740396072977,59.044954205409695,0.9752440253338598,-1.4300733186632004,190.29352705823314,,
4,2020-05-23 15:50:00.0000000 +01:00,0.6219178503462096,0.4449602218969921,251.61543557054122,253.65435911287722,0.8989627500489119,0.7693335509431816,17.251562621534184,30.311490439914202,60.36750775776413,0.9793580543561615,-2.0109701368097133,189.53030791621097,,
4,2020-05-23 16:00:00.0000000 +01:00,0.741567284777215,0.7324477997309428,247.53038301925977,245.66970690858395,0.9850607887762277,0.8235236406483507,16.743773384705147,29.683106291924688,60.94965077377609,0.9809530131085635,-1.6615460448160755,190.37633624248897,,
4,2020-05-23 16:10:00.0000000 +01:00,0.6022350856234465,0.40368362259091595,249.46615183059293,246.59741763313227,0.9109864059957696,0.7628937633880732,17.065154275613413,29.982006687228722,61.34281977319016,0.9740016200813141,-2.134297201444119,188.86397800324596,,
4,2020-05-23 16:20:00.0000000 +01:00,0.5251445349202936,0.24779895065288043,250.01698130600022,249.7904369115409,0.8190703826662665,0.6919370532011347,16.76936000184065,29.93195512983336,59.02052016813326,0.9480216259388471,-1.921443347691036,190.47767931259818,,
4,2020-05-23 16:30:00.0000000 +01:00,0.6712491202779388,0.5628292581449591,246.47785524012698,243.6584898818825,0.9243001855324601,0.7792326501181006,17.013904019078463,30.049225948619938,59.29885082067076,0.997756582108758,-2.175242930486971,189.49356915253455,,
4,2020-05-23 16:40:00.0000000 +01:00,0.6486803989177495,0.5239971617625764,245.44740254554193,246.21699046561682,0.9405033517326515,0.7924002260962952,16.95778353895388,30.194828004022977,58.7217710596354,0.97537496985731,-1.528629264010721,189.82993465211757,,
4,2020-05-23 16:50:00.0000000 +01:00,0.6312137346726888,0.4422257485034929,244.88884351306896,240.4667713490799,0.9283795136891434,0.7898700038812991,17.047963932994232,29.67764370742515,59.38367603060174,0.9801488013678562,-1.6642287423157367,189.18020355043882,,
4,2020-05-23 17:00:00.0000000 +01:00,0.6371855214823701,0.5034459467390741,251.1434799781942,245.82051880304036,0.9349617922633908,0.7785320173898057,17.023731926932644,29.803416075674264,57.65172764829751,0.9714834998954529,-2.3021368439448384,190.7495977948576,,
4,2020-05-23 17:10:00.0000000 +01:00,0.566609100967963,0.35696146772427995,252.4669445229931,253.1706082060473,0.8560428744115406,0.7252918133934233,15.704382293898611,30.147804250650694,58.43710079692285,0.9797466382777155,-1.5272108020818198,188.36861114915365,,
4,2020-05-23 17:20:00.0000000 +01:00,0.5451649297044838,0.3178616345979119,249.52599517431304,246.74330192907868,0.8438108384882946,0.7191198724115615,15.786837468344041,30.098149744642296,57.12227343286698,0.9599276787748046,-1.3095229231407042,190.7599304490998,,
4,2020-05-23 17:30:00.0000000 +01:00,0.4917424563722454,0.20595625299909154,252.71564241730286,249.16806887295436,0.8186348837965255,0.6891906396696559,16.019029601331496,30.138026891266588,54.76948159239147,0.9238431290434636,-2.1222051547066516,190.39569370526718,,
4,2020-05-23 17:40:00.0000000 +01:00,0.47651551116148483,0.22165808207668206,250.11156753043335,250.06493903780944,0.817569892079741,0.6832299182229808,16.30230958985243,29.28458899667134,53.68872886585892,0.9399183755725942,-1.3048570778630495,190.58593775906965,,
4,2020-05-23 17:50:00.0000000 +01:00,0.5101435805642998,0.23986473414365367,254.68474525245395,256.40855685978306,0.7957397523675916,0.657427778140491,16.13163074085385,28.689283064652358,52.64819513653188,0.9410204807204966,-1.7221835185396612,190.75912932010817,,
4,2020-05-23 18:00:00.0000000 +01:00,0.5534703899184268,0.3031767413568899,269.6574335921189,272.8478189943756,0.8620087500775193,0.7165626740321782,16.268609803088236,28.987397975894826,51.60588722737497,0.9673218985353015,-1.4014679687780216,190.12426473451262,,
4,2020-05-23 18:10:00.0000000 +01:00,0.38888586892140814,0.124759967583216,254.61066398700697,255.5171368100326,0.7375394763099422,0.6222557891748794,15.978649830240698,28.745837523463827,51.08135695256971,0.8251503084640331,-1.0744989656796529,190.87587643177358,,
4,2020-05-23 18:20:00.0000000 +01:00,0.4668838383121225,0.14609193772065057,248.12953125290835,242.05507812116252,0.7038856097173188,0.5932721416490214,16.18953963648544,29.325582691597777,48.79205086347607,0.903551305319835,-1.2885267768587014,190.55409262425684,,
4,2020-05-23 18:30:00.0000000 +01:00,0.5023277375515941,0.20524367942109703,245.9833610235416,247.88210910148803,0.7601672086830378,0.6516361216743148,16.221469064699722,29.327380180887815,49.01940895373017,0.9308191870022281,-2.5601306114505658,190.0096666605188,,
4,2020-05-23 18:40:00.0000000 +01:00,0.4523285542146125,0.16773125662786087,243.33959788422848,245.10509221010128,0.7154968222810426,0.5996469123058533,16.11918899135703,28.750452981835547,49.040375215225616,0.9023987516504408,-1.6613788012619986,190.21065538765023,,
4,2020-05-23 18:50:00.0000000 +01:00,0.38245173770204954,0.0915903909340821,250.45472634408137,258.07426066321915,0.620385663526318,0.5196753443048371,15.76637915372494,29.253045566228625,48.34187982208748,0.8089362641741547,-1.450582566568047,190.26079948333884,,
4,2020-05-23 19:00:00.0000000 +01:00,0.44755071544760555,0.19036649390306368,253.52638289730027,261.6708162453859,0.6911206931263039,0.5919396852814257,16.140761823756815,28.72499321880849,47.1500056873863,0.8916829663392277,-1.807644669525953,190.3358475556649,,
4,2020-05-23 19:10:00.0000000 +01:00,0.5698683684225074,0.3526487333763631,270.277304246156,273.22665129569003,0.8506550123299172,0.7218498306868326,16.03207080047757,28.979305054648073,48.033843711526536,0.971240390220106,-0.9375613702392614,191.86138622526852,,
4,2020-05-23 19:20:00.0000000 +01:00,0.7044755871470307,0.6056641528589811,273.51935418525767,278.969053285525,0.9651397350917733,0.814001632742118,16.290983572968948,29.201055719722156,52.1672893630737,0.9995507135322049,-1.4633407771833509,190.90053545232612,,
4,2020-05-23 19:30:00.0000000 +01:00,0.7357869788175767,0.6637205092572107,295.7597808387711,295.75487356988225,0.9759232026757153,0.8123322582284959,15.996651781575705,28.945604382356446,54.631331373806574,0.9917050537906568,-2.0319618580484082,189.77311818832945,,
4,2020-05-23 19:40:00.0000000 +01:00,0.6106909585924573,0.3924430022425452,291.9939729195782,295.5052081066645,0.9153847331573343,0.7648564950572465,15.855503987390716,28.811306857056426,57.16983986506143,0.9838136473624322,-1.8276136211743872,189.82105768837468,,
4,2020-05-23 19:50:00.0000000 +01:00,0.5067254949356474,0.22425596344327636,293.6620119694898,297.0012256854554,0.8259766690968888,0.6756360837530434,15.887384895908134,29.049192728884055,55.99702542700076,0.9305135817078447,-2.2940140891690626,190.7407420807294,,
4,2020-05-23 20:00:00.0000000 +01:00,0.4661893055347433,0.14970553350919077,279.11226540589865,281.3302730895667,0.7572218871206791,0.6286864706919298,15.989361753052668,29.2602892294716,55.00366433833466,0.8897124825820112,-1.451026803381444,191.61446573129643,,
4,2020-05-23 20:10:00.0000000 +01:00,0.5174057842011878,0.26214308638015993,281.0611925353106,283.217859910558,0.8129850376625601,0.6740360057445688,15.757892607335119,28.788445482658346,53.65270148786014,0.9403252781316306,-1.4637919986065138,190.6018293091548,,
4,2020-05-23 20:20:00.0000000 +01:00,0.5066307710158158,0.20524232006084958,272.0457775127419,277.16632636911066,0.751367967675665,0.6393945534292779,16.296482526238428,29.134208554681603,54.14592963108067,0.9217852926633131,-1.9306955335676046,190.25943073349097,,
4,2020-05-23 20:30:00.0000000 +01:00,0.4734448955412688,0.18795998921302512,270.3294663264322,279.2001714400369,0.7378589680250928,0.6189041180356918,14.93742631748964,28.724354320936783,52.66853533798483,0.9130233174789583,-2.3554163352758692,189.8579405410933,,
4,2020-05-23 20:40:00.0000000 +01:00,0.4903287926569656,0.20601941597482726,273.46538469210907,265.2752737344766,0.7602411270715184,0.6514847352405082,15.100600388629262,29.218749175791007,52.873773340174274,0.9244298237784102,-1.522744652697317,190.77375863453773,,
4,2020-05-23 20:50:00.0000000 +01:00,0.49367220210103774,0.1750757896306508,275.29984066312954,269.26444874956877,0.7388422398437559,0.6219932677502417,15.143711171033429,29.22830781302512,51.982467133257174,0.92730391614751,-1.7602528918326243,190.19127619269634,,
4,2020-05-23 21:00:00.0000000 +01:00,0.5423232908354688,0.27980548413000816,269.1609577216018,269.83351978715285,0.831955931093189,0.6926605070250215,15.174528992574322,29.163492841709147,52.36001430329674,0.9550375066804444,-1.8791446762490562,189.88032233298276,,
4,2020-05-23 21:10:00.0000000 +01:00,0.5804751138946048,0.3301106093576294,266.0302361166917,267.44582455443714,0.8926341161297928,0.7319514471649284,15.289521514520551,28.80452195460024,53.34709366911725,0.9798414001193172,-1.6912204800222104,189.67427594720652,,
4,2020-05-23 21:20:00.0000000 +01:00,0.5469341021965679,0.305601521622608,264.9368910703348,262.7720132575363,0.8385461800700518,0.7054438670417792,15.106476681037043,28.938679597991396,54.09181897780517,0.9525644525055291,-2.3893485530431042,190.37623997665492,,
4,2020-05-23 21:30:00.0000000 +01:00,0.5599875437923809,0.35144194116479216,262.32340582065444,268.3936650971337,0.8562365193601302,0.7343085727364296,15.186738554830146,29.205708535765442,54.41275619260384,0.9761547047040248,-1.3805725472498482,189.79160261133103,,
4,2020-05-23 21:40:00.0000000 +01:00,0.4112621805747408,0.13382471730530593,260.5694407468438,257.71996083058696,0.7557614408923385,0.6214296078134,14.800142921126351,28.931237476068215,53.40380024007827,0.8610080951909845,-1.08950309618637,189.4808797518523,,
4,2020-05-23 21:50:00.0000000 +01:00,0.3998308729878073,0.1268478005031514,254.31893553321453,255.20127996781318,0.6834927220645343,0.5828767085176968,13.836062821837205,28.71735016510026,50.69109686039943,0.8333212693418681,-0.4776775062022215,191.14771740929865,,
4,2020-05-23 22:00:00.0000000 +01:00,0.41596194814267334,0.14706676222517945,255.25638323490813,260.99671833874925,0.6386564875510703,0.5577969398306974,13.993276040909166,29.166475854493406,49.22165056000532,0.8609525665211105,-1.6417762787928667,189.90951430727637,,
4,2020-05-23 22:10:00.0000000 +01:00,0.4245939411760722,0.13915111935098262,252.5444511481881,251.2707126963869,0.6756258764381936,0.5648250439680153,14.151398339800355,29.07201258403714,48.146896537648466,0.8760943629769823,-1.3992940107117362,190.14962658224687,,
4,2020-05-23 22:20:00.0000000 +01:00,0.4235675881029886,0.1348591141947761,248.14695027682546,245.60364941102998,0.6520478823024188,0.553259646472465,14.297666488879273,28.760048529974814,47.07423755072092,0.8339946110191405,-1.836154417741229,189.40751373954018,,
4,2020-05-23 22:30:00.0000000 +01:00,0.4355720788969711,0.1292185003689908,251.7718564152928,249.87059332695424,0.6674352062820955,0.5463708952536654,14.120666913965096,29.132481892825197,45.68893781271818,0.8532720425818061,-1.5641124615847823,190.51970239659218,,
4,2020-05-23 22:40:00.0000000 +01:00,0.4287993484159626,0.15314845504467378,250.57634559265657,255.591455437067,0.6749760222659984,0.5604744013245841,14.0458413364946,28.107391428512646,44.735962405937535,0.8775062441017296,-1.9341224876672964,190.0310781584006,,
4,2020-05-23 22:50:00.0000000 +01:00,0.45693457470235355,0.14394853021088166,256.2131924475145,252.22248556474102,0.7022500780698944,0.5860083910465431,13.890761637714371,28.197256626067453,43.63697767264931,0.8769292351227906,-2.1465923007571246,191.28192790767804,,
4,2020-05-23 23:00:00.0000000 +01:00,0.4259939494725135,0.16102632065956046,245.896656126331,254.42427893143858,0.6667218847114135,0.5620727303797028,13.812665413079614,28.085932919602445,43.7366932906017,0.889672381064699,-1.2331537857651138,190.4476808549574,,
4,2020-05-23 23:10:00.0000000 +01:00,0.39375657486416393,0.10266161332370027,247.22465864223346,255.62170053758487,0.625226947712145,0.5142560784011879,13.116743060078125,27.79783229735843,42.959082737915665,0.7877983673581381,-1.2889032022271967,190.65313913129873,,
4,2020-05-23 23:20:00.0000000 +01:00,0.44046380963126774,0.1431879159473569,255.28137645834232,252.94232356985913,0.6785356695359147,0.5728751336313946,12.85118708248985,28.01103134134508,42.34995428283935,0.8663796544591587,-2.200081031578488,190.2767136107793,,
4,2020-05-23 23:30:00.0000000 +01:00,0.4999605869135483,0.25471911019542887,248.31895274266842,248.016694415979,0.7842371685218777,0.6657735177650788,13.130600208336164,28.03576960718469,42.05755446756717,0.9598529260439193,-1.3495010623816928,190.00689058493558,,
4,2020-05-23 23:40:00.0000000 +01:00,0.5527933189184497,0.2913690039882353,253.97429309982715,244.36330985701127,0.8233251241069993,0.6855066186474453,13.25228328832755,27.701147878019583,42.72128961449758,0.9553414181420999,-1.944315185682352,191.1025855956569,,
4,2020-05-23 23:50:00.0000000 +01:00,0.628448605059122,0.47256247080563274,243.84127664272978,246.14255576862067,0.9304187618824212,0.7846110277469078,12.734317519197727,28.07797367815439,46.57148896000975,0.98353050089284,-1.5271875091218354,190.06462500103373,,
